{"val_f1":0.9862275349849897,"_runtime":226,"parameters/fc.bias":{"_type":"histogram","values":[1,0,1,1,0,0,1,0,0,0,1,1,0,0,0,0,0,0,0,0,1,0,0,0,0,1,0,0,0,0,0,0,0,0,1,0,0,0,0,0,0,0,0,0,0,0,0,0,0,0,0,0,0,0,0,0,0,0,0,0,0,0,0,1],"bins":[-0.052488841116428375,-0.049301039427518845,-0.04611324146389961,-0.04292543977499008,-0.03973764181137085,-0.03654984012246132,-0.03336203843355179,-0.030174238607287407,-0.026986438781023026,-0.023798638954758644,-0.020610839128494263,-0.017423037439584732,-0.014235235750675201,-0.01104743778705597,-0.007859636098146439,-0.004671838134527206,-0.0014840364456176758,0.0017037652432918549,0.004891563206911087,0.008079364895820618,0.01126716285943985,0.014454968273639679,0.01764276623725891,0.020830564200878143,0.024018369615077972,0.027206167578697205,0.030393965542316437,0.03358176350593567,0.0367695689201355,0.03995736688375473,0.04314516484737396,0.04633297026157379,0.04952076077461243,0.05270855873823166,0.05589636415243149,0.05908416211605072,0.06227196007966995,0.06545976549386978,0.06864756345748901,0.07183536142110825,0.07502315938472748,0.07821096479892731,0.08139876276254654,0.08458656072616577,0.0877743661403656,0.09096216410398483,0.09414996206760406,0.0973377674818039,0.10052556544542313,0.10371336340904236,0.10690116882324219,0.11008896678686142,0.11327676475048065,0.11646457016468048,0.11965236812829971,0.12284016609191895,0.12602797150611877,0.1292157620191574,0.13240356743335724,0.13559137284755707,0.1387791633605957,0.14196696877479553,0.14515477418899536,0.148342564702034,0.15153037011623383]},"_timestamp":1.7671935883127396e+09,"train_f1":0.9910957859077196,"train_recall":0.9910964385754302,"test_precision":0.9859431832108888,"val_accuracy":0.9862275449101796,"val_recall":0.9862275449101796,"gradients/fc.bias":{"bins":[-0.01570300944149494,-0.015338040888309479,-0.014973071403801441,-0.014608101919293404,-0.01424313336610794,-0.013878164812922478,-0.01351319532841444,-0.013148225843906403,-0.01278325729072094,-0.012418288737535477,-0.012053319253027439,-0.011688349768519402,-0.011323381215333939,-0.010958412662148476,-0.010593443177640438,-0.0102284736931324,-0.009863505139946938,-0.009498536586761475,-0.009133567102253437,-0.0087685976177454,-0.008403629064559937,-0.008038660511374474,-0.007673691026866436,-0.0073087215423583984,-0.0069437529891729355,-0.0065787844359874725,-0.006213814951479435,-0.005848845466971397,-0.0054838769137859344,-0.0051189083606004715,-0.004753938876092434,-0.004388969391584396,-0.004024000838398933,-0.0036590322852134705,-0.003294062800705433,-0.0029290933161973953,-0.0025641247630119324,-0.0021991562098264694,-0.0018341867253184319,-0.0014692172408103943,-0.0011042486876249313,-0.0007392801344394684,-0.0003743106499314308,-9.341631084680557e-06,0.0003556273877620697,0.00072059640660882,0.0010855654254555702,0.0014505344443023205,0.0018155034631490707,0.002180472481995821,0.0025454415008425713,0.0029104105196893215,0.0032753795385360718,0.003640348557382822,0.004005317576229572,0.0043702865950763226,0.004735255613923073,0.005100224632769823,0.005465193651616573,0.005830162670463324,0.006195131689310074,0.006560100708156824,0.006925069727003574,0.007290038745850325,0.007655007764697075],"_type":"histogram","values":[1,0,0,0,0,0,0,0,0,0,0,0,0,0,0,0,0,0,0,0,0,0,0,0,0,0,0,0,0,0,0,0,0,1,0,0,0,0,0,1,0,0,1,0,0,2,0,1,0,0,0,0,0,0,1,0,0,0,1,0,0,0,0,1]},"val_precision":0.9862718637412077,"parameters/layer1.0.bias":{"_type":"histogram","values":[1,0,0,0,0,0,0,0,0,0,0,0,0,0,0,0,0,0,0,0,0,1,1,0,0,1,0,0,0,0,0,0,0,0,0,0,0,0,1,0,1,0,0,0,0,0,1,1,1,0,0,0,0,0,0,1,0,1,1,0,1,1,0,2],"bins":[-0.31513258814811707,-0.3105543255805969,-0.3059760630130768,-0.30139780044555664,-0.2968195378780365,-0.29224127531051636,-0.2876630425453186,-0.28308477997779846,-0.2785065174102783,-0.2739282548427582,-0.26934999227523804,-0.2647717297077179,-0.26019346714019775,-0.2556152045726776,-0.25103694200515747,-0.24645869433879852,-0.24188043177127838,-0.23730216920375824,-0.2327239215373993,-0.22814565896987915,-0.223567396402359,-0.21898913383483887,-0.21441087126731873,-0.20983260869979858,-0.20525434613227844,-0.2006760835647583,-0.19609783589839935,-0.1915195733308792,-0.18694131076335907,-0.18236304819583893,-0.17778480052947998,-0.17320653796195984,-0.1686282753944397,-0.16405001282691956,-0.15947175025939941,-0.15489350259304047,-0.15031524002552032,-0.14573697745800018,-0.14115871489048004,-0.1365804672241211,-0.13200220465660095,-0.1274239420890808,-0.12284567952156067,-0.11826741695404053,-0.11368915438652039,-0.10911089926958084,-0.1045326367020607,-0.09995438158512115,-0.09537611901760101,-0.09079785645008087,-0.08621960133314133,-0.08164133876562119,-0.07706308364868164,-0.0724848210811615,-0.06790655851364136,-0.06332830339670181,-0.05875004082918167,-0.054171785712242126,-0.049593523144721985,-0.04501526057720184,-0.0404370054602623,-0.03585874289274216,-0.031280484050512314,-0.02670222520828247,-0.02212396450340748]},"test_accuracy":0.9859,"train_precision":0.991122043081816,"test_f1":0.9858848047192601,"gradients/layer2.0.bias":{"_type":"histogram","values":[1,1,2,0,0,1,0,0,0,0,0,1,0,0,0,0,2,1,0,2,0,0,2,5,0,0,1,0,1,2,1,1,0,0,0,0,2,0,0,0,0,1,1,0,0,1,0,0,0,1,0,0,1,0,0,0,0,0,0,0,0,0,0,1],"bins":[-0.01377682015299797,-0.013192984275519848,-0.012609148398041725,-0.012025313451886177,-0.011441477574408054,-0.010857641696929932,-0.010273806750774384,-0.00968997087329626,-0.009106134995818138,-0.008522299118340015,-0.007938463240861893,-0.007354628294706345,-0.006770792417228222,-0.006186956539750099,-0.005603121593594551,-0.005019285716116428,-0.004435449838638306,-0.003851613961160183,-0.0032677780836820602,-0.002683943137526512,-0.0021001072600483894,-0.0015162713825702667,-0.0009324364364147186,-0.0003486005589365959,0.0002352353185415268,0.0008190711960196495,0.0014029070734977722,0.0019867420196533203,0.0025705769658088684,0.0031544137746095657,0.003738248720765114,0.004322085529565811,0.0049059223383665085,0.005489757284522057,0.006073594093322754,0.006657429039478302,0.007241265848278999,0.007825100794434547,0.008408935740590096,0.008992771618068218,0.009576607495546341,0.010160443373024464,0.010744279250502586,0.011328114196658134,0.011911950074136257,0.01249578595161438,0.013079620897769928,0.01366345677524805,0.014247292652726173,0.014831128530204296,0.015414964407682419,0.015998799353837967,0.016582634299993515,0.017166471108794212,0.01775030605494976,0.018334142863750458,0.018917977809906006,0.019501812756061554,0.02008564956486225,0.0206694845110178,0.021253321319818497,0.021837156265974045,0.022420991212129593,0.02300482802093029,0.02358866296708584]},"gradients/layer1.0.bias":{"values":[1,0,0,0,0,1,0,0,0,0,0,0,0,0,1,0,0,0,0,0,0,0,0,1,0,0,0,0,2,1,0,0,1,0,0,3,0,0,0,0,1,0,1,0,0,0,1,0,0,0,0,1,0,0,0,0,0,0,0,0,0,0,0,1],