{"epoch":2,"val_recall":0.9846307385229541,"gradients/graph_1layer1.0.weight":{"bins":[-0.018205318599939346,-0.017599042505025864,-0.01699276827275753,-0.016386492177844048,-0.015780217945575714,-0.015173941850662231,-0.014567666687071323,-0.013961391523480415,-0.013355116359889507,-0.0127488411962986,-0.012142566032707691,-0.011536290869116783,-0.0109300147742033,-0.010323739610612392,-0.009717464447021484,-0.009111189283430576,-0.008504914119839668,-0.00789863895624876,-0.007292363792657852,-0.006686088629066944,-0.006079813465476036,-0.005473537370562553,-0.004867262206971645,-0.004260987043380737,-0.0036547118797898293,-0.003048436716198921,-0.0024421606212854385,-0.001835886389017105,-0.0012296102941036224,-0.000623336061835289,-1.7059966921806335e-05,0.0005892142653465271,0.001195492222905159,0.0018017683178186417,0.002408042550086975,0.0030143186450004578,0.003620592877268791,0.004226868972182274,0.004833143204450607,0.00543941929936409,0.006045694462954998,0.006651969626545906,0.007258244790136814,0.007864519953727722,0.008470796048641205,0.009077071212232113,0.009683346375823021,0.010289621539413929,0.010895896703004837,0.011502171866595745,0.012108447030186653,0.012714722193777561,0.01332099735736847,0.013927273452281952,0.01453354861587286,0.015139823779463768,0.0157460980117321,0.016352374106645584,0.016958650201559067,0.0175649244338274,0.018171200528740883,0.018777474761009216,0.0193837508559227,0.019990025088191032,0.020596301183104515],"_type":"histogram","values":[2,0,3,2,1,1,2,5,4,2,4,6,7,1,1,3,8,7,9,7,5,5,6,11,12,17,10,14,19,27,52,21,12,10,13,6,8,8,7,9,7,3,4,3,3,3,4,3,2,1,4,0,2,1,0,4,2,1,1,2,0,0,0,3]},"gradients/graph_1fc.weight":{"_type":"histogram","values":[1,1,0,0,0,0,0,0,0,0,3,0,4,0,0,0,1,1,2,1,2,3,5,1,1,8,4,6,6,7,6,8,10,12,17,14,23,35,39,58,76,138,570,29549,262,132,106,62,48,43,33,11,12,7,6,6,7,3,1,3,1,1,1,3],"bins":[-0.034796327352523804,-0.0339883454144001,-0.0331803597509861,-0.032372377812862396,-0.031564392149448395,-0.030756410211324692,-0.02994842454791069,-0.029140442609786987,-0.028332458809018135,-0.027524475008249283,-0.02671649120748043,-0.02590850740671158,-0.025100523605942726,-0.024292539805173874,-0.02348455786705017,-0.02267657220363617,-0.021868590265512466,-0.021060604602098465,-0.020252622663974762,-0.01944463886320591,-0.018636655062437057,-0.017828671261668205,-0.017020687460899353,-0.0162127036601305,-0.015404719859361649,-0.014596736058592796,-0.013788752257823944,-0.012980770319700241,-0.012172786518931389,-0.011364802718162537,-0.010556818917393684,-0.009748835116624832,-0.00894085131585598,-0.008132867515087128,-0.0073248837143182755,-0.006516899913549423,-0.005708916112780571,-0.004900932312011719,-0.004092950373888016,-0.0032849665731191635,-0.0024769827723503113,-0.001668998971581459,-0.0008610151708126068,-5.303137004375458e-05,0.0007549524307250977,0.0015629362314939499,0.0023709191009402275,0.0031789029017090797,0.003986886702477932,0.004794870503246784,0.0056028543040156364,0.006410837173461914,0.007218820974230766,0.008026804774999619,0.00883478857576847,0.009642772376537323,0.010450756177306175,0.011258739978075027,0.012066722847521305,0.012874706648290157,0.01368269044905901,0.014490673318505287,0.01529865711927414,0.01610664092004299,0.016914624720811844]},"val_precision":0.984786030829483,"_runtime":318,"gradients/graph_1layer2.0.bias":{"values":[1,0,0,0,0,0,0,0,0,0,0,0,0,0,0,0,0,0,0,0,0,0,0,0,0,0,0,1,0,0,0,1,0,1,0,1,0,1,0,0,0,0,0,0,0,1,51,1,1,2,0,0,0,0,0,0,0,0,1,0,0,0,0,1],"bins":[-0.01858428679406643,-0.01818661391735077,-0.01778894104063511,-0.01739126816391945,-0.01699359528720379,-0.01659592241048813,-0.016198251396417618,-0.015800578519701958,-0.015402905642986298,-0.015005232766270638,-0.014607559889554977,-0.014209887012839317,-0.013812214136123657,-0.013414541259407997,-0.013016868382692337,-0.012619196437299252,-0.012221523560583591,-0.011823850683867931,-0.011426178738474846,-0.011028505861759186,-0.010630832985043526,-0.010233160108327866,-0.009835487231612206,-0.009437814354896545,-0.009040141478180885,-0.0086424695327878,-0.00824479665607214,-0.00784712377935648,-0.0074494509026408195,-0.0070517780259251595,-0.006654106080532074,-0.006256433203816414,-0.0058587598614394665,-0.005461086984723806,-0.005063414108008146,-0.004665742162615061,-0.004268069285899401,-0.0038703964091837406,-0.0034727235324680805,-0.0030750506557524204,-0.002677378710359335,-0.002279705833643675,-0.0018820329569280148,-0.0014843600802123547,-0.0010866872034966946,-0.0006890147924423218,-0.0002913419157266617,0.0001063304953277111,0.0005040033720433712,0.0009016762487590313,0.001299348659813404,0.0016970215365290642,0.002094693947583437,0.002492366824299097,0.002890039701014757,0.0032877123448997736,0.00368538498878479,0.00408305786550045,0.004480730276554823,0.004878403153270483,0.005276075564324856,0.005673748441040516,0.006071421317756176,0.006469093728810549,0.006866766605526209],"_type":"histogram"},"gradients/graph_1fc.bias":{"_type":"histogram","values":[1,0,0,0,0,0,0,0,0,0,0,0,0,0,0,0,0,0,0,0,0,0,0,0,0,0,0,0,0,1,0,0,0,0,0,0,0,0,0,0,0,0,0,0,1,1,0,1,0,0,1,0,0,1,1,0,0,0,0,0,1,0,0,1],"bins":[-0.012490936554968357,-0.012213529087603092,-0.011936120688915253,-0.011658713221549988,-0.011381305754184723,-0.011103897355496883,-0.010826489888131618,-0.010549081489443779,-0.010271674022078514,-0.00999426655471325,-0.00971685815602541,-0.009439450688660145,-0.009162042289972305,-0.00888463482260704,-0.008607227355241776,-0.00832981988787651,-0.008052411489188671,-0.007775003556162119,-0.007497595623135567,-0.007220188155770302,-0.00694278022274375,-0.006665372289717197,-0.0063879648223519325,-0.00611055688932538,-0.005833148956298828,-0.005555741023272276,-0.005278333090245724,-0.005000925622880459,-0.004723517689853907,-0.004446109756827354,-0.0041687022894620895,-0.00389129389077425,-0.0036138854920864105,-0.0033364780247211456,-0.003059069626033306,-0.0027816621586680412,-0.002504254225641489,-0.002226846292614937,-0.001949438825249672,-0.0016720308922231197,-0.0013946229591965675,-0.0011172150261700153,-0.0008398070931434631,-0.0005623996257781982,-0.00028499169275164604,-7.5837597250938416e-06,0.00026982370764017105,0.0005472316406667233,0.0008246395736932755,0.0011020475067198277,0.0013794552069157362,0.0016568629071116447,0.001934270840138197,0.002211678773164749,0.0024890864733606577,0.0027664941735565662,0.0030439021065831184,0.0033213100396096706,0.003598717739805579,0.0038761254400014877,0.00415353337302804,0.004430941306054592,0.004708348773419857,0.004985756706446409,0.005263164639472961]},"parameters/graph_1fc.bias":{"_type":"histogram","values":[1,0,0,2,0,0,0,0,1,0,0,0,1,0,0,0,0,1,0,0,0,1,0,0,0,0,0,0,0,0,1,0,0,0,0,0,0,0,1,0,0,0,0,0,0,0,0,0,0,0,0,0,0,0,0,0,0,0,0,0,0,0,0,1],