{"_step":149940,"batch_loss":0.002134189009666443,"val_recall":0.981936127744511,"_runtime":186,"parameters/graph_3layer1.0.weight":{"values":[2,0,0,0,0,0,1,0,0,2,2,1,2,1,3,4,0,3,5,2,7,9,10,12,8,10,5,11,10,10,16,7,12,7,10,9,4,19,14,15,21,21,16,9,13,16,15,6,10,8,8,7,4,3,3,3,1,0,2,0,0,0,0,1],"bins":[-0.774508535861969,-0.7538721561431885,-0.7332358360290527,-0.7125994563102722,-0.6919630765914917,-0.6713266968727112,-0.6506903171539307,-0.6300539970397949,-0.6094176173210144,-0.5887812376022339,-0.5681449174880981,-0.5475085377693176,-0.5268721580505371,-0.5062357783317566,-0.48559942841529846,-0.46496307849884033,-0.4443266987800598,-0.4236903190612793,-0.40305396914482117,-0.38241761922836304,-0.3617812395095825,-0.341144859790802,-0.32050850987434387,-0.29987215995788574,-0.2792357802391052,-0.2585994005203247,-0.2379630208015442,-0.21732670068740845,-0.19669032096862793,-0.1760539412498474,-0.15541762113571167,-0.13478124141693115,-0.11414492130279541,-0.09350854158401489,-0.07287216186523438,-0.05223584175109863,-0.031599462032318115,-0.010963082313537598,0.009673237800598145,0.030309617519378662,0.05094599723815918,0.0715823769569397,0.09221872687339783,0.11285507678985596,0.13349145650863647,0.154127836227417,0.17476418614387512,0.19540053606033325,0.21603691577911377,0.2366732954978943,0.2573096454143524,0.27794599533081055,0.29858237504959106,0.3192187547683716,0.3398551046848297,0.36049145460128784,0.38112783432006836,0.4017642140388489,0.422400563955307,0.44303691387176514,0.46367329359054565,0.48430967330932617,0.5049459934234619,0.5255823731422424,0.546218752861023],"_type":"histogram"},"parameters/graph_3layer2.0.weight":{"bins":[-0.6824819445610046,-0.6634171605110168,-0.6443524360656738,-0.625287652015686,-0.6062228679656982,-0.5871580839157104,-0.5680932998657227,-0.5490285754203796,-0.5299637913703918,-0.510899007320404,-0.49183425307273865,-0.47276949882507324,-0.45370471477508545,-0.43463993072509766,-0.41557517647743225,-0.39651042222976685,-0.37744563817977905,-0.35838085412979126,-0.33931609988212585,-0.32025134563446045,-0.30118656158447266,-0.28212177753448486,-0.26305702328681946,-0.24399226903915405,-0.22492748498916626,-0.20586270093917847,-0.18679794669151306,-0.16773319244384766,-0.14866840839385986,-0.12960362434387207,-0.11053889989852905,-0.09147411584854126,-0.07240933179855347,-0.053344547748565674,-0.03427976369857788,-0.015215039253234863,0.0038497447967529297,0.022914528846740723,0.04197928309440613,0.06104403734207153,0.08010882139205933,0.09917360544204712,0.11823835968971252,0.13730311393737793,0.15636789798736572,0.17543268203735352,0.19449743628501892,0.21356219053268433,0.23262697458267212,0.2516917586326599,0.2707565128803253,0.2898212671279907,0.3088860511779785,0.3279508352279663,0.3470155894756317,0.3660803437232971,0.3851451277732849,0.4042099118232727,0.4232746660709381,0.4423394203186035,0.4614042043685913,0.4804689884185791,0.4995337426662445,0.5185984969139099,0.5376632809638977],"_type":"histogram","values":[4,1,2,6,3,6,6,13,15,11,13,14,20,30,29,45,46,72,61,92,100,122,131,171,199,232,268,308,349,462,506,663,1025,1109,1189,1050,1030,702,552,397,333,305,255,193,146,129,89,77,52,41,34,24,15,22,9,5,3,4,2,3,1,2,1,1]},"train_recall":0.9866546618647459,"gradients/graph_3layer2.0.bias":{"bins":[-0.015224780887365341,-0.014668035320937634,-0.0141112906858325,-0.013554545119404793,-0.01299780048429966,-0.012441054917871952,-0.011884309351444244,-0.011327564716339111,-0.010770820081233978,-0.01021407451480627,-0.009657328948378563,-0.00910058431327343,-0.008543838746845722,-0.007987093180418015,-0.0074303485453128815,-0.006873603910207748,-0.006316858343780041,-0.005760112777352333,-0.0052033681422472,-0.004646622575819492,-0.004089877940714359,-0.0035331323742866516,-0.0029763877391815186,-0.002419642172753811,-0.0018628966063261032,-0.0013061519712209702,-0.0007494064047932625,-0.00019266176968812943,0.00036408379673957825,0.0009208284318447113,0.0014775730669498444,0.0020343195647001266,0.0025910641998052597,0.0031478088349103928,0.003704555332660675,0.004261299967765808,0.004818044602870941,0.005374790169298649,0.005931534804403782,0.0064882803708314896,0.007045025005936623,0.00760177057236433,0.008158516138792038,0.008715260773897171,0.009272006340324879,0.009828750975430012,0.01038549654185772,0.010942241176962852,0.01149898674339056,0.012055732309818268,0.012612476944923401,0.013169221580028534,0.013725967146456242,0.01428271271288395,0.014839457347989082,0.01539620291441679,0.015952948480844498,0.01650969311594963,0.017066437751054764,0.017623184248805046,0.01817992888391018,0.018736673519015312,0.019293418154120445,0.019850164651870728,0.02040690928697586],"_type":"histogram","values":[1,0,0,0,0,0,0,2,0,0,0,0,0,0,0,0,0,1,1,0,2,0,0,0,1,1,0,8,1,1,1,1,1,1,0,0,0,0,0,1,0,0,1,1,0,0,1,0,0,1,1,0,0,0,0,0,1,0,0,0,0,1,0,1]},"best_val_accuracy":0.981936127744511,"val_f1":0.9819970322512995,"parameters/graph_3fc.bias":{"_type":"histogram","values":[1,0,0,0,0,0,1,0,0,0,0,1,0,0,0,0,0,0,1,1,0,0,0,0,1,0,0,1,0,0,0,0,0,0,0,0,0,0,1,0,0,0,0,0,0,1,0,0,0,0,0,0,0,0,0,0,0,0,0,0,0,0,0,1],"bins":[-0.055944979190826416,-0.053811512887477875,-0.051678046584129333,-0.04954458028078079,-0.04741111025214195,-0.04527764394879341,-0.04314417764544487,-0.04101071134209633,-0.03887724131345749,-0.03674377501010895,-0.034610308706760406,-0.032476842403411865,-0.030343376100063324,-0.028209907934069633,-0.026076441630721092,-0.0239429734647274,-0.02180950716137886,-0.01967604085803032,-0.017542574554681778,-0.015409104526042938,-0.013275638222694397,-0.011142171919345856,-0.009008705615997314,-0.006875239312648773,-0.004741773009300232,-0.002608302980661392,-0.00047483667731285095,0.0016586296260356903,0.0037920959293842316,0.005925562232732773,0.008059032261371613,0.010192498564720154,0.012325964868068695,0.014459431171417236,0.016592897474765778,0.018726367503404617,0.02085983380675316,0.0229933001101017,0.02512676641345024,0.027260232716798782,0.029393702745437622,0.03152716904878616,0.033660635352134705,0.035794101655483246,0.03792756795883179,0.04006103426218033,0.04219450429081917,0.04432797059416771,0.04646143689751625,0.04859490320086479,0.05072837322950363,0.05286183953285217,0.054995305836200714,0.057128772139549255,0.0592622384428978,0.06139570474624634,0.06352917104959488,0.06566263735294342,0.06779611110687256,0.0699295699596405,0.07206304371356964,0.07419651001691818,0.07632997632026672,0.07846344262361526,0.0805969089269638]},"gradients/graph_3fc.weight":{"bins":[-0.0837787464261055,-0.08116362988948822,-0.07854852080345154,-0.07593340426683426,-0.07331828773021698,-0.0707031786441803,-0.06808806210756302,-0.06547294557094574,-0.06285783648490906,-0.06024272367358208,-0.057627610862255096,-0.05501249432563782,-0.05239738151431084,-0.049782268702983856,-0.04716715216636658,-0.0445520393550396,-0.041936926543712616,-0.039321813732385635,-0.036706700921058655,-0.034091584384441376,-0.031476471573114395,-0.028861358761787415,-0.026246242225170135,-0.023631129413843155,-0.021016016602516174,-0.018400900065898895,-0.015785790979862213,-0.013170674443244934,-0.010555557906627655,-0.007940448820590973,-0.005325332283973694,-0.0027102231979370117,-9.509921073913574e-05,0.0025200173258781433,0.0051351264119148254,0.0077502429485321045,0.010365352034568787,0.012980468571186066,0.015595585107803345,0.018210694193840027,0.020825810730457306,0.023440923541784286,0.026056036353111267,0.028671152889728546,0.03128626570105553,0.03390137851238251,0.036516495048999786,0.03913160786032677,0.04174672067165375,0.04436183348298073,0.04697694629430771,0.04959206283092499,0.05220717564225197,0.05482228845357895,0.05743740499019623,0.06005251780152321,0.06266763061285019,0.06528274714946747,0.06789785623550415,0.07051297277212143,0.07312808930873871,0.07574319839477539,0.07835831493139267,0.08097342401742935,0.08358854055404663],"_type":"histogram",