{"batch_loss":0.01666574366390705,"val_precision":0.9872903517323673,"_wandb":{"runtime":226},"parameters/fc.weight":{"bins":[-0.5874797105789185,-0.5716732144355774,-0.5558666586875916,-0.5400601625442505,-0.5242536067962646,-0.5084471106529236,-0.4926406145095825,-0.47683408856391907,-0.4610275626182556,-0.44522103667259216,-0.4294145107269287,-0.41360801458358765,-0.3978014886379242,-0.38199496269226074,-0.3661884665489197,-0.3503819406032562,-0.3345754146575928,-0.3187688887119293,-0.30296236276626587,-0.2871558666229248,-0.27134934067726135,-0.2555428147315979,-0.23973631858825684,-0.22392979264259338,-0.20812326669692993,-0.19231674075126648,-0.17651021480560303,-0.16070371866226196,-0.1448971927165985,-0.12909066677093506,-0.113284170627594,-0.09747764468193054,-0.08167114853858948,-0.06586462259292603,-0.05005809664726257,-0.03425160050392151,-0.018445074558258057,-0.0026385486125946045,0.01316794753074646,0.028974473476409912,0.044780999422073364,0.060587525367736816,0.07639405131340027,0.09220054745674133,0.10800707340240479,0.12381359934806824,0.1396200954914093,0.15542662143707275,0.1712331473827362,0.18703967332839966,0.20284618437290192,0.21865269541740417,0.23445922136306763,0.2502657473087311,0.26607227325439453,0.2818787693977356,0.29768529534339905,0.3134918212890625,0.32929831743240356,0.345104843378067,0.36091136932373047,0.3767178952693939,0.3925244212150574,0.40833091735839844,0.4241374433040619],"_type":"histogram","values":[1,0,0,0,0,0,1,0,0,0,1,0,2,1,2,3,7,4,6,11,13,24,18,36,41,51,72,105,165,202,325,448,674,971,2345,4280,4617,4708,5323,3620,1390,657,427,241,187,128,77,69,36,29,16,8,4,2,6,2,2,0,0,0,0,0,0,2]},"test_recall":0.9889,"gradients/layer1.0.weight":{"values":[6,3,2,5,5,9,9,11,18,18,24,35,50,61,97,99,57,64,64,35,27,18,21,15,15,6,4,2,4,0,5,2,0,0,2,2,1,1,0,0,0,0,0,0,1,0,0,0,0,1,0,0,0,0,0,0,0,0,0,0,0,0,0,1],"bins":[-0.0109472731128335,-0.010203203186392784,-0.009459133259952068,-0.008715063333511353,-0.007970994338393211,-0.007226924411952496,-0.00648285448551178,-0.005738785024732351,-0.0049947150982916355,-0.00425064517185092,-0.0035065757110714912,-0.0027625057846307755,-0.0020184358581900597,-0.0012743659317493439,-0.0005302969366312027,0.0002137729898095131,0.0009578429162502289,0.0017019128426909447,0.0024459827691316605,0.0031900517642498016,0.003934121690690517,0.004678192548453808,0.005422261543571949,0.00616633053869009,0.006910401396453381,0.007654470391571522,0.008398541249334812,0.009142610244452953,0.009886679239571095,0.010630750097334385,0.011374819092452526,0.012118889950215816,0.012862959876656532,0.013607028871774673,0.014351099729537964,0.015095168724656105,0.015839239582419395,0.016583308577537537,0.017327377572655678,0.018071448430418968,0.01881551742553711,0.0195595882833004,0.02030365727841854,0.021047726273536682,0.021791797131299973,0.022535867989063263,0.023279935121536255,0.024024005979299545,0.024768076837062836,0.025512145832180977,0.026256214827299118,0.02700028568506241,0.02774435468018055,0.02848842367529869,0.02923249453306198,0.029976563528180122,0.030720634385943413,0.031464703381061554,0.032208774238824844,0.032952845096588135,0.03369691222906113,0.03444098308682442,0.03518505394458771,0.0359291210770607,0.03667319193482399],"_type":"histogram"},"test_accuracy":0.9889,"train_f1":0.9929426559902516,"_step":149940,"parameters/layer1.0.weight":{"_type":"histogram","values":[1,0,0,0,0,1,0,1,0,0,0,0,0,0,0,0,0,2,5,5,3,3,9,9,13,17,17,21,14,30,22,17,30,29,23,26,30,34,31,31,34,28,34,28,34,27,46,33,23,18,18,17,13,6,8,2,1,2,2,1,0,0,0,1],"bins":[-0.773810625076294,-0.7541109323501587,-0.7344112396240234,-0.714711606502533,-0.6950119137763977,-0.6753122210502625,-0.6556125283241272,-0.6359128952026367,-0.6162132024765015,-0.5965135097503662,-0.576813817024231,-0.5571141242980957,-0.5374144315719604,-0.51771479845047,-0.4980151057243347,-0.47831544280052185,-0.4586157500743866,-0.43891605734825134,-0.4192163944244385,-0.3995167016983032,-0.37981703877449036,-0.3601173460483551,-0.34041768312454224,-0.320717990398407,-0.30101829767227173,-0.28131863474845886,-0.261618971824646,-0.24191927909851074,-0.2222195863723755,-0.20251989364624023,-0.18282026052474976,-0.1631205677986145,-0.14342087507247925,-0.123721182346344,-0.10402148962020874,-0.08432185649871826,-0.06462216377258301,-0.044922471046447754,-0.0252227783203125,-0.005523115396499634,0.014176547527313232,0.033876240253448486,0.05357593297958374,0.0732755959033966,0.09297528862953186,0.11267495155334473,0.13237464427947998,0.15207430720329285,0.1717739999294281,0.19147369265556335,0.21117335557937622,0.23087304830551147,0.25057271122932434,0.2702724039554596,0.28997206687927246,0.3096717596054077,0.32937145233154297,0.34907111525535583,0.3687707781791687,0.38847047090530396,0.4081701636314392,0.4278698265552521,0.44756951928138733,0.4672691822052002,0.48696887493133545]},"val_accuracy":0.9872255489021956,"epoch":2,"gradients/fc.bias":{"_type":"histogram","values":[1,0,0,0,0,0,0,0,0,0,0,0,0,1,0,0,0,0,0,0,0,0,0,0,1,0,0,1,0,2,2,0,0,0,0,1,0,0,0,0,0,0,0,0,0,0,0,0,0,0,0,0,0,0,0,0,0,0,0,0,0,0,0,1],"bins":[-0.005905040539801121,-0.005696908105164766,-0.005488775670528412,-0.005280643701553345,-0.00507251126691699,-0.004864378832280636,-0.004656246397644281,-0.004448113963007927,-0.00423998199403286,-0.004031849559396505,-0.003823717124760151,-0.0036155846901237965,-0.003407452255487442,-0.0031993200536817312,-0.0029911876190453768,-0.002783055417239666,-0.0025749229826033115,-0.002366790547966957,-0.0021586583461612463,-0.0019505261443555355,-0.001742393709719181,-0.0015342612750828266,-0.0013261288404464722,-0.0011179964058101177,-0.0009098639711737633,-0.0007017320021986961,-0.0004935995675623417,-0.00028546713292598724,-7.73346982896328e-05,0.00013079773634672165,0.0003389297053217888,0.0005470621399581432,0.0007551941089332104,0.0009633265435695648,0.0011714589782059193,0.0013795909471809864,0.0015877233818173409,0.0017958558164536953,0.0020039882510900497,0.002212120685726404,0.0024202526547014713,0.0026283850893378258,0.0028365175239741802,0.0030446499586105347,0.003252782393246889,0.0034609148278832436,0.0036690470296889544,0.003877179231494665,0.00408531166613102,0.004293444100767374,0.0045015765354037285,0.004709708504378796,0.00491784093901515,0.0051259733736515045,0.005334105808287859,0.005542238242924213,0.0057503702118992805,0.005958502646535635,0.0061666350811719894,0.006374767515808344,0.006582899950444698,0.0067910319194197655,0.00699916435405612,0.007207296788692474,0.007415429223328829]},"parameters/layer1.0.bias":{"bins":[-0.19372640550136566,-0.18919889628887177,-0.18467138707637787,-0.18014389276504517,-0.17561638355255127,-0.17108887434005737,-0.16656136512756348,-0.16203385591506958,-0.15750634670257568,-0.15297885239124298,-0.14845134317874908,-0.1439238339662552,-0.1393963247537613,-0.1348688304424286,-0.1303413212299347,-0.1258138120174408,-0.1212863028049469,-0.116758793592453,-0.1122312918305397,-0.1077037826180458,-0.10317628085613251,-0.09864877164363861,-0.09412126243114471,-0.08959376066923141,-0.08506625145673752,-0.08053874224424362,-0.07601124048233032,-0.07148373126983643,-0.06695622205734253,-0.06242871284484863,-0.05790121853351593,-0.053373709321022034,-0.048846207559108734,-0.04431869834661484,-0.03979118913412094,-0.03526369482278824,-0.030736185610294342,-0.026208676397800446,-0.02168116718530655,-0.01715366542339325,-0.012626156210899353,-0.008098646998405457,-0.003571145236492157,0.0009563639760017395,0.005483873188495636,0.010011374950408936,0.014538884162902832,0.01906638592481613,0.023593895137310028,0.028121404349803925,0.032648906111717224,0.03717641532421112,0.04170392081141472,0.04623142629861832,0.05075893551111221,0.05528644099831581,0.05981394648551941,0.0643414556980133,0.0688689574599266,0.0733964666724205,0.0779239684343338,0.0824514776468277,0.0869789868593216,0.0915064886212349,0.09603399783372879],"_type":"histogram",