{"val_recall":0.9892215568862276,"gradients/graph_4layer2.0.weight":{"_type":"histogram","values":[2,0,0,0,1,2,0,1,1,4,2,2,0,4,1,3,1,11,4,3,12,7,16,19,19,27,28,35,55,68,99,152,201,477,1960,46884,408,256,124,81,60,52,23,11,12,15,8,6,5,7,3,7,3,4,2,4,0,1,3,1,1,1,0,1],"bins":[-0.021818604320287704,-0.021196356043219566,-0.020574107766151428,-0.01995185948908329,-0.019329611212015152,-0.018707362934947014,-0.018085114657878876,-0.017462868243455887,-0.0168406181037426,-0.01621837168931961,-0.015596122480928898,-0.014973875135183334,-0.014351626858115196,-0.013729378581047058,-0.01310713030397892,-0.012484882026910782,-0.011862633749842644,-0.011240385472774506,-0.010618137195706367,-0.00999588891863823,-0.009373640641570091,-0.008751393295824528,-0.00812914501875639,-0.0075068967416882515,-0.006884648464620113,-0.006262400187551975,-0.005640152841806412,-0.005017904564738274,-0.0043956562876701355,-0.0037734080106019974,-0.0031511597335338593,-0.002528911456465721,-0.001906663179397583,-0.0012844149023294449,-0.0006621666252613068,-3.991834819316864e-05,0.0005823299288749695,0.0012045782059431076,0.0018268264830112457,0.0024490738287568092,0.0030713221058249474,0.0036935703828930855,0.004315818659961224,0.004938066937029362,0.005560314282774925,0.006182562559843063,0.0068048108369112015,0.00742705911397934,0.008049307391047478,0.008671555668115616,0.009293803945183754,0.009916052222251892,0.01053830049932003,0.011160548776388168,0.011782796122133732,0.01240504439920187,0.013027292676270008,0.013649540953338146,0.014271789230406284,0.014894036576151848,0.015516284853219986,0.016138533130288124,0.016760781407356262,0.0173830296844244,0.01800527796149254]},"gradients/graph_4layer1.0.bias":{"_type":"histogram","values":[2,0,0,0,0,0,0,0,1,0,0,0,0,0,0,0,2,2,1,0,0,0,1,0,1,0,0,0,1,2,1,3,7,0,0,0,1,1,1,1,0,0,0,1,0,0,0,1,0,0,0,0,0,0,0,0,0,0,0,0,0,1,0,1],"bins":[-0.04468042030930519,-0.04329155385494232,-0.04190268740057945,-0.04051382094621658,-0.03912495821714401,-0.03773609176278114,-0.036347225308418274,-0.034958358854055405,-0.033569492399692535,-0.032180629670619965,-0.030791761353611946,-0.029402896761894226,-0.028014030307531357,-0.026625163853168488,-0.02523629739880562,-0.023847432807087898,-0.02245856635272503,-0.02106969989836216,-0.01968083530664444,-0.01829196885228157,-0.0169031023979187,-0.015514237806200981,-0.014125371351838112,-0.012736506760120392,-0.011347640305757523,-0.009958773851394653,-0.008569907397031784,-0.007181040942668915,-0.0057921744883060455,-0.004403311759233475,-0.0030144453048706055,-0.0016255788505077362,-0.00023671239614486694,0.0011521540582180023,0.0025410205125808716,0.003929886966943741,0.005318749696016312,0.006707616150379181,0.00809648260474205,0.00948534905910492,0.010874215513467789,0.012263081967830658,0.013651946559548378,0.015040813013911247,0.016429677605628967,0.017818544059991837,0.019207410514354706,0.020596275106072426,0.021985141560435295,0.023374008014798164,0.024762872606515884,0.026151739060878754,0.027540605515241623,0.028929471969604492,0.030318336561322212,0.03170720487833023,0.0330960676074028,0.03448493406176567,0.03587380051612854,0.03726266697049141,0.03865153342485428,0.04004039615392685,0.04142926260828972,0.04281812906265259,0.04420699551701546]},"_wandb":{"runtime":391},"val_f1":0.9892197983456321,"_runtime":391,"test_precision":0.9878458121126464,"test_f1":0.9877888376847502,"val_accuracy":0.9892215568862276,"parameters/graph_4layer1.0.bias":{"bins":[-0.5214952230453491,-0.5120889544487,-0.502682626247406,-0.49327635765075684,-0.48387008905410767,-0.4744637906551361,-0.46505752205848694,-0.4556512236595154,-0.4462449550628662,-0.43683865666389465,-0.4274323582649231,-0.4180260896682739,-0.40861979126930237,-0.3992135226726532,-0.38980722427368164,-0.38040095567703247,-0.3709946572780609,-0.36158835887908936,-0.3521820902824402,-0.342775821685791,-0.33336952328681946,-0.3239632248878479,-0.31455695629119873,-0.3051506578922272,-0.2957443594932556,-0.28633809089660645,-0.2769318222999573,-0.2675255239009857,-0.25811922550201416,-0.248712956905365,-0.23930665850639343,-0.22990038990974426,-0.2204940766096115,-0.21108777821063995,-0.20168150961399078,-0.19227521121501923,-0.18286894261837006,-0.1734626442193985,-0.16405636072158813,-0.15465007722377777,-0.1452437937259674,-0.13583751022815704,-0.12643122673034668,-0.11702494323253632,-0.10761864483356476,-0.0982123613357544,-0.08880607783794403,-0.07939979434013367,-0.0699935108423233,-0.06058722734451294,-0.051180943846702576,-0.041774652898311615,-0.03236836940050125,-0.022962085902690887,-0.013555794954299927,-0.004149511456489563,0.005256772041320801,0.014663055539131165,0.024069342762231827,0.03347562998533249,0.04288191348314285,0.05228819698095322,0.06169448420405388,0.07110077142715454,0.0805070549249649],"_type":"histogram","values":[1,0,0,0,0,0,1,1,1,0,0,0,0,0,1,1,0,0,0,0,1,1,0,0,0,0,1,0,0,0,2,1,0,1,1,3,1,0,0,1,1,1,0,2,1,1,1,1,0,1,1,0,1,0,0,0,0,0,0,0,0,0,1,1]},"batch_loss":0.28699830174446106,"epoch":2,"gradients/graph_4layer2.0.bias":{"bins":[-0.018724584951996803,-0.01824500598013401,-0.017765428870916367,-0.017285849899053574,-0.01680627092719078,-0.016326693817973137,-0.015847114846110344,-0.015367536805570126,-0.014887958765029907,-0.014408380724489689,-0.01392880268394947,-0.013449223712086678,-0.01296964567154646,-0.01249006763100624,-0.012010488659143448,-0.01153091061860323,-0.011051332578063011,-0.010571754537522793,-0.010092176496982574,-0.009612597525119781,-0.009133019484579563,-0.008653441444039345,-0.008173862472176552,-0.0076942844316363335,-0.007214706391096115,-0.006735128350555897,-0.006255550310015678,-0.0057759713381528854,-0.005296393297612667,-0.004816815257072449,-0.004337236285209656,-0.0038576582446694374,-0.0033780792728066444,-0.002898501232266426,-0.0024189231917262077,-0.0019393442198634148,-0.0014597661793231964,-0.000980188138782978,-0.0005006091669201851,-2.1031126379966736e-05,0.0004585469141602516,0.00093812495470047,0.0014177029952406883,0.0018972819671034813,0.0023768600076436996,0.002856438048183918,0.003336017020046711,0.0038155950605869293,0.004295173101127148,0.004774751141667366,0.005254329647868872,0.005733908154070377,0.006213486194610596,0.006693064235150814,0.00717264274135232,0.007652221247553825,0.008131799288094044,0.008611377328634262,0.009090956300497055,0.009570534341037273,0.010050112381577492,0.01052969042211771,0.011009268462657928,0.011488847434520721,0.01196842547506094],"_type":"histogram","values":[1,0,0,0,0,0,0,0,0,0,0,0,0,2,0,0,1,0,0,0,1,1,0,0,1,0,0,0,0,0,0,1,0,0,0,0,1,0,1,45,0,1,0,1,1,1,0,0,0,0,1,0,0,0,1,0,1,0,0,0,0,0,0,2]},"parameters/graph_4layer2.0.bias":{"_type":"histogram","values":[1,0,0,0,0,0,0,0,0,0,1,0,0,0,0,0,2,0,0,0,0,1,0,0,0,0,2,2,0,1,0,0,0,0,0,1,0,3,0,2,0,1,0,2,0,3,2,4,1,2,1,3,1,1,1,3,4,4,3,3,1,5,0,3],