{"val_precision":0.9788367025742841,"gradients/graph_1layer2.0.weight":{"values":[2,0,1,1,1,1,0,1,4,6,7,14,14,24,39,36,68,92,122,224,284,425,614,838,1175,1556,1975,2527,2890,2761,2419,1925,1461,1114,786,603,399,306,209,162,121,81,78,58,48,35,20,17,10,6,8,8,8,5,6,2,0,0,0,0,0,0,1,2],"bins":[-0.004305966664105654,-0.004156264942139387,-0.004006562754511833,-0.0038568610325455666,-0.0037071590777486563,-0.003557457122951746,-0.0034077554009854794,-0.003258053446188569,-0.0031083514913916588,-0.0029586495365947485,-0.002808947581797838,-0.0026592458598315716,-0.0025095439050346613,-0.002359841950237751,-0.0022101402282714844,-0.002060438273474574,-0.0019107363186776638,-0.0017610343638807535,-0.0016113324090838432,-0.0014616306871175766,-0.0013119287323206663,-0.001162226777523756,-0.0010125250555574894,-0.0008628231007605791,-0.0007131211459636688,-0.0005634191911667585,-0.00041371723636984825,-0.0002640155144035816,-0.00011431379243731499,3.538839519023895e-05,0.00018509011715650558,0.0003347923047840595,0.00048449449241161346,0.0006341962143778801,0.000783898402005434,0.0009336001239717007,0.0010833023115992546,0.0012330040335655212,0.0013827057555317879,0.0015324077103286982,0.0016821096651256084,0.0018318116199225187,0.001981513574719429,0.0021312152966856956,0.002280917251482606,0.0024306192062795162,0.002580320928245783,0.002730022883042693,0.0028797248378396034,0.0030294267926365137,0.003179128747433424,0.0033288304693996906,0.003478532424196601,0.003628234378993511,0.003777936100959778,0.0039276378229260445,0.004077340010553598,0.004227042198181152,0.004376743920147419,0.004526445642113686,0.004676147364079952,0.004825849551707506,0.004975551273673773,0.005125253461301327,0.005274955183267593],"_type":"histogram"},"gradients/graph_1layer2.0.bias":{"_type":"histogram","values":[1,0,0,0,0,0,0,1,0,0,0,2,1,0,0,0,0,1,2,1,2,0,1,2,2,5,2,3,2,4,2,0,7,2,0,1,2,1,2,1,2,0,0,1,0,2,1,3,1,1,0,0,0,2,0,0,0,0,0,0,0,0,0,1],"bins":[-0.0046004983596503735,-0.004442919045686722,-0.004285339266061783,-0.004127759952098131,-0.0039701806381344795,-0.003812601324170828,-0.0036550217773765326,-0.0034974422305822372,-0.0033398629166185856,-0.003182283602654934,-0.0030247040558606386,-0.0028671245090663433,-0.0027095451951026917,-0.00255196588113904,-0.0023943863343447447,-0.0022368067875504494,-0.0020792274735867977,-0.001921648159623146,-0.0017640686128288507,-0.0016064890660345554,-0.0014489097520709038,-0.0012913304381072521,-0.0011337508913129568,-0.0009761713445186615,-0.0008185920305550098,-0.0006610127165913582,-0.0005034334026277065,-0.00034585362300276756,-0.0001882743090391159,-3.069499507546425e-05,0.00012688478454947472,0.0002844640985131264,0.00044204341247677803,0.0005996227264404297,0.0007572020404040813,0.0009147818200290203,0.001072361133992672,0.0012299404479563236,0.0013875202275812626,0.0015450995415449142,0.001702678855508566,0.0018602581694722176,0.002017837716266513,0.002175417263060808,0.00233299657702446,0.0024905758909881115,0.002648155437782407,0.002805734984576702,0.0029633142985403538,0.0031208936125040054,0.0032784731592983007,0.003436052706092596,0.0035936320200562477,0.0037512113340198994,0.003908790647983551,0.00406637042760849,0.004223949741572142,0.004381529055535793,0.004539108835160732,0.004696688149124384,0.004854267463088036,0.005011846777051687,0.005169426091015339,0.005327005870640278,0.0054845851846039295]},"val_f1":0.9787441068554615,"train_f1":0.9809547302639741,"_wandb":{"runtime":228},"parameters/graph_1layer1.0.bias":{"values":[1,0,0,0,0,1,0,0,0,0,0,0,0,0,0,0,1,1,0,0,0,0,0,0,0,0,0,0,1,2,1,1,0,0,0,1,0,0,1,0,0,0,0,0,0,0,0,0,0,0,1,0,0,0,1,1,0,0,0,0,0,0,0,2],"bins":[-0.13434621691703796,-0.12979483604431152,-0.12524347007274628,-0.12069209665060043,-0.11614072322845459,-0.11158934980630875,-0.1070379763841629,-0.10248660296201706,-0.09793522953987122,-0.09338385611772537,-0.08883248269557953,-0.08428110927343369,-0.07972973585128784,-0.075178362429142,-0.07062698900699615,-0.06607561558485031,-0.06152424216270447,-0.056972868740558624,-0.05242149531841278,-0.04787012189626694,-0.043318748474121094,-0.03876737505197525,-0.03421600162982941,-0.029664628207683563,-0.02511325478553772,-0.020561881363391876,-0.016010507941246033,-0.01145913451910019,-0.006907761096954346,-0.0023563802242279053,0.0021949857473373413,0.006746351718902588,0.011297717690467834,0.015849098563194275,0.02040046453475952,0.024951830506324768,0.02950321137905121,0.03405458480119705,0.038605958223342896,0.04315733164548874,0.04770870506763458,0.052260078489780426,0.05681145191192627,0.06136282533407211,0.06591419875621796,0.0704655721783638,0.07501694560050964,0.07956831902265549,0.08411969244480133,0.08867106586694717,0.09322243928909302,0.09777381271123886,0.1023251861333847,0.10687655955553055,0.11142793297767639,0.11597930639982224,0.12053067982196808,0.12508204579353333,0.12963342666625977,0.1341848075389862,0.13873617351055145,0.1432875394821167,0.14783892035484314,0.15239030122756958,0.15694166719913483],"_type":"histogram"},"gradients/graph_1layer1.0.bias":{"values":[1,0,0,0,0,0,0,0,0,1,1,0,0,1,0,0,0,0,0,0,1,1,0,1,0,1,0,1,1,0,0,1,0,0,0,0,1,0,1,2,0,0,0,0,0,0,0,0,0,0,0,0,0,0,0,0,0,0,0,0,0,0,0,1],"bins":[-0.017694685608148575,-0.01707264594733715,-0.016450604423880577,-0.015828564763069153,-0.015206525102257729,-0.01458448451012373,-0.01396244391798973,-0.013340404257178307,-0.012718363665044308,-0.012096323072910309,-0.011474283412098885,-0.010852242819964886,-0.010230202227830887,-0.009608162567019463,-0.008986121974885464,-0.00836408231407404,-0.007742041721940041,-0.007120001129806042,-0.0064979614689946175,-0.005875920876860619,-0.005253881216049194,-0.0046318406239151955,-0.004009800031781197,-0.0033877603709697723,-0.0027657197788357735,-0.0021436791867017746,-0.0015216395258903503,-0.0008995998650789261,-0.0002775583416223526,0.00034448131918907166,0.0009665209800004959,0.0015885625034570694,0.0022106021642684937,0.002832641825079918,0.0034546833485364914,0.004076723009347916,0.00469876267015934,0.005320804193615913,0.005942843854427338,0.006564883515238762,0.007186924107372761,0.00780896469950676,0.008431004360318184,0.009053044952452183,0.009675085544586182,0.010297125205397606,0.010919165797531605,0.011541205458343029,0.012163246050477028,0.012785286642611027,0.013407326303422451,0.01402936689555645,0.014651406556367874,0.015273447148501873,0.015895487740635872,0.016517527401447296,0.01713956892490387,0.017761608585715294,0.018383648246526718,0.01900568976998329,0.019627729430794716,0.02024976909160614,0.020871808752417564,0.021493850275874138,0.022115889936685562],"_type":"histogram"},"gradients/graph_1fc.weight":{"values":[2,1,0,5,5,4,10,12,21,27,31,37,45,54,75,100,144,179,229,288,359,529,800,1332,2133,4160,13373,3043,1229,618,425,327,260,187,182,156,119,120,91,102,84,66,52,70,38,39,27,25,23,31,19,13,16,13,6,6,3,4,3,2,1,2,2,1],