{"train_f1":0.9745636940985509,"val_accuracy":0.9756487025948104,"epoch":2,"val_recall":0.9756487025948104,"parameters/graph_2layer2.0.weight":{"_type":"histogram","values":[1,0,3,3,2,2,5,4,6,17,14,23,22,33,45,57,73,120,143,178,222,260,318,356,390,448,471,559,539,665,656,678,632,656,624,649,590,539,500,424,416,378,293,197,166,121,84,64,41,30,18,18,8,15,6,5,2,1,2,1,2,3,0,2],"bins":[-0.2302783876657486,-0.22303736209869385,-0.2157963365316391,-0.20855531096458435,-0.2013142704963684,-0.19407325983047485,-0.1868322193622589,-0.17959119379520416,-0.17235016822814941,-0.16510914266109467,-0.15786811709403992,-0.15062707662582397,-0.14338606595993042,-0.13614502549171448,-0.12890399992465973,-0.12166297435760498,-0.11442194879055023,-0.10718092322349548,-0.09993989765644073,-0.09269887208938599,-0.08545784652233124,-0.0782168060541153,-0.07097578048706055,-0.0637347549200058,-0.05649372935295105,-0.0492527037858963,-0.04201167821884155,-0.034770652651786804,-0.027529612183570862,-0.020288586616516113,-0.013047561049461365,-0.005806535482406616,0.0014345049858093262,0.008675530552864075,0.015916556119918823,0.023157581686973572,0.03039860725402832,0.03763964772224426,0.04488067328929901,0.05212169885635376,0.05936272442340851,0.06660374999046326,0.073844775557518,0.08108580112457275,0.0883268415927887,0.09556786715984344,0.1028088927268982,0.11004991829395294,0.11729094386100769,0.12453196942806244,0.1317729949951172,0.13901403546333313,0.14625504612922668,0.15349608659744263,0.16073711216449738,0.16797813773155212,0.17521916329860687,0.18246018886566162,0.18970121443271637,0.19694223999977112,0.20418328046798706,0.2114243060350418,0.21866533160209656,0.2259063571691513,0.23314738273620605]},"best_val_accuracy":0.9756487025948104,"parameters/graph_2layer2.0.bias":{"_type":"histogram","values":[1,1,1,1,2,1,1,1,0,0,0,0,0,0,2,0,1,1,0,0,0,1,0,1,0,1,0,1,1,1,1,1,1,0,1,0,0,0,0,0,0,1,0,0,1,0,0,1,0,0,2,1,0,1,0,0,0,0,0,0,0,0,1,1],"bins":[-0.05001302435994148,-0.04838310182094574,-0.0467531755566597,-0.045123253017663956,-0.04349333047866821,-0.04186340421438217,-0.04023348167538643,-0.038603559136390686,-0.036973632872104645,-0.0353437103331089,-0.03371378779411316,-0.03208386152982712,-0.030453938990831375,-0.028824016451835632,-0.02719409205019474,-0.025564169511198997,-0.023934245109558105,-0.022304320707917213,-0.02067439816892147,-0.01904447376728058,-0.017414551228284836,-0.015784624963998795,-0.014154702425003052,-0.012524779886007309,-0.010894853621721268,-0.009264931082725525,-0.007635008543729782,-0.006005086004734039,-0.004375159740447998,-0.0027452372014522552,-0.0011153146624565125,0.0005146116018295288,0.00214453786611557,0.003774460405111313,0.005404386669397354,0.007034309208393097,0.00866423174738884,0.010294158011674881,0.011924080550670624,0.013554003089666367,0.01518392562866211,0.01681385189294815,0.018443774431943893,0.020073696970939636,0.021703623235225677,0.02333354577422142,0.024963470175862312,0.026593392714858055,0.028223317116498947,0.02985324151813984,0.03148316591978073,0.033113088458776474,0.03474301099777222,0.03637293726205826,0.038002859801054,0.039632782340049744,0.041262708604335785,0.04289263114333153,0.04452255368232727,0.04615247994661331,0.047782402485609055,0.0494123250246048,0.05104224756360054,0.05267217382788658,0.054302096366882324]},"parameters/graph_2fc.bias":{"_type":"histogram","values":[1,0,0,0,0,0,0,0,0,0,0,1,0,0,1,0,1,1,1,0,0,0,0,0,0,0,0,0,0,0,0,0,0,0,0,0,0,0,1,0,0,1,0,0,0,0,0,0,1,0,0,0,0,0,0,0,0,0,0,0,0,0,0,1],"bins":[-0.03072022646665573,-0.02967710793018341,-0.02863398939371109,-0.02759087085723877,-0.02654775232076645,-0.02550463378429413,-0.024461515247821808,-0.023418396711349487,-0.022375278174877167,-0.021332159638404846,-0.020289041101932526,-0.019245922565460205,-0.018202805891633034,-0.017159687355160713,-0.016116568818688393,-0.015073450282216072,-0.014030331745743752,-0.012987213209271431,-0.01194409467279911,-0.01090097613632679,-0.00985785759985447,-0.008814739063382149,-0.007771620526909828,-0.006728501990437508,-0.005685385316610336,-0.004642266780138016,-0.003599148243665695,-0.0025560297071933746,-0.001512911170721054,-0.0004697926342487335,0.000573325902223587,0.0016164444386959076,0.002659562975168228,0.0037026815116405487,0.004745800048112869,0.00578891858458519,0.00683203712105751,0.007875155657529831,0.008918274194002151,0.009961392730474472,0.011004511266946793,0.012047627940773964,0.013090746477246284,0.014133865013718605,0.015176983550190926,0.016220102086663246,0.017263220623135567,0.018306339159607887,0.019349457696080208,0.02039257623255253,0.02143569476902485,0.02247881330549717,0.02352193184196949,0.02456504851579666,0.025608167052268982,0.026651285588741302,0.027694404125213623,0.028737522661685944,0.029780641198158264,0.030823759734630585,0.031866878271102905,0.032909996807575226,0.033953115344047546,0.03499623388051987,0.03603935241699219]},"test_recall":0.9759,"batch_loss":0.05851665511727333,"test_accuracy":0.9759,"_timestamp":1.7671941872863085e+09,"gradients/graph_2layer1.0.bias":{"values":[1,0,0,0,0,0,0,0,0,0,0,0,0,0,0,0,0,0,0,0,0,0,0,0,0,1,0,0,0,1,1,0,1,2,0,1,1,1,1,1,0,0,0,0,1,1,0,0,0,0,0,1,0,0,0,0,0,0,0,0,0,0,0,1],"bins":[-0.09273182600736618,-0.08999541401863098,-0.08725899457931519,-0.08452258259057999,-0.08178617060184479,-0.07904975861310959,-0.07631334662437439,-0.0735769271850586,-0.0708405151963234,-0.0681041032075882,-0.0653676837682724,-0.0626312717795372,-0.059894859790802,-0.0571584478020668,-0.054422032088041306,-0.05168561637401581,-0.04894920438528061,-0.04621279239654541,-0.04347637668251991,-0.040739960968494415,-0.038003548979759216,-0.03526713699102402,-0.03253072127699852,-0.029794305562973022,-0.027057893574237823,-0.024321481585502625,-0.021585069596767426,-0.01884865015745163,-0.01611223816871643,-0.013375826179981232,-0.010639406740665436,-0.007902994751930237,-0.005166575312614441,-0.002430163323879242,0.00030624866485595703,0.003042668104171753,0.005779080092906952,0.008515492081642151,0.011251911520957947,0.013988323509693146,0.016724735498428345,0.019461147487163544,0.02219756320118904,0.02493397891521454,0.027670390903949738,0.030406802892684937,0.033143218606710434,0.03587963432073593,0.03861604630947113,0.04135245829820633,0.04408887401223183,0.046825289726257324,0.04956170171499252,0.05229811370372772,0.05503452941775322,0.05777094513177872,0.060507357120513916,0.06324376910924911,0.06598018109798431,0.06871660053730011,0.07145301252603531,0.07418942451477051,0.0769258439540863,0.0796622559428215,0.0823986679315567],"_type":"histogram"},"gradients/graph_2layer2.0.weight":{"values":[1,1,0,0,0,1,2,1,6,3,1,2,0,5,3,6,12,10,10,21,28,18,33,34,49,53,68,85,100,145,164,176,209,241,292,379,420,503,641,661,715,827,894,879,810,814,702,579,459,409,337,258,206,167,96,86,63,41,25,25,15,4,2,3],