{"_step":149940,"test_precision":0.9854599246675858,"val_accuracy":0.9837325349301397,"train_recall":0.9884553821528611,"parameters/graph_2fc.bias":{"bins":[-0.08626525849103928,-0.08385773748159409,-0.08145022392272949,-0.0790427029132843,-0.07663518190383911,-0.07422766089439392,-0.07182014733552933,-0.06941262632608414,-0.06700511276721954,-0.06459759175777435,-0.06219007074832916,-0.05978255346417427,-0.05737503618001938,-0.05496751517057419,-0.052559997886419296,-0.050152476876974106,-0.047744959592819214,-0.04533744230866432,-0.04292992129921913,-0.04052240401506424,-0.03811488300561905,-0.03570736572146416,-0.033299848437309265,-0.030892327427864075,-0.028484810143709183,-0.02607729285955429,-0.0236697718501091,-0.02126225084066391,-0.018854737281799316,-0.016447216272354126,-0.014039695262908936,-0.011632181704044342,-0.009224653244018555,-0.006817132234573364,-0.004409618675708771,-0.0020020976662635803,0.0004054233431816101,0.0028129369020462036,0.005220457911491394,0.0076279789209365845,0.010035496205091476,0.012443013489246368,0.014850534498691559,0.01725805178284645,0.019665569067001343,0.022073090076446533,0.024480607360601425,0.026888128370046616,0.029295645654201508,0.0317031629383564,0.03411068394780159,0.03651820123195648,0.03892572224140167,0.041333239525556564,0.043740756809711456,0.04614827781915665,0.04855579510331154,0.05096331238746643,0.05337083339691162,0.05577835068106651,0.058185867965221405,0.060593388974666595,0.06300090998411179,0.06540842354297638,0.06781594455242157],"_type":"histogram","values":[1,0,0,0,0,0,0,0,0,0,0,0,0,0,0,0,0,0,0,0,1,0,0,0,0,0,0,1,0,0,0,0,0,0,0,0,0,0,0,0,1,0,0,0,1,0,0,1,0,0,0,1,0,0,0,0,0,0,0,1,0,0,0,2]},"parameters/graph_2layer1.0.weight":{"values":[1,0,0,0,0,0,0,1,0,0,1,1,0,1,2,1,0,3,1,2,6,5,4,6,5,6,9,6,11,14,21,16,16,22,22,33,28,30,36,35,42,37,21,24,25,28,22,30,26,25,25,31,17,17,19,14,12,17,7,5,3,2,4,2],"bins":[-0.9074888825416565,-0.8869792819023132,-0.86646968126297,-0.8459600806236267,-0.8254504799842834,-0.8049408197402954,-0.7844312191009521,-0.7639216184616089,-0.7434120178222656,-0.7229024171829224,-0.7023928165435791,-0.6818832159042358,-0.6613736152648926,-0.6408640146255493,-0.620354413986206,-0.5998448133468628,-0.5793352127075195,-0.5588256120681763,-0.538316011428833,-0.517806351184845,-0.4972967505455017,-0.47678714990615845,-0.4562775492668152,-0.4357679486274719,-0.41525834798812866,-0.3947487473487854,-0.37423914670944214,-0.3537294864654541,-0.33321988582611084,-0.3127102851867676,-0.2922006845474243,-0.27169108390808105,-0.2511815130710602,-0.23067191243171692,-0.21016231179237366,-0.1896527111530304,-0.16914311051368713,-0.14863350987434387,-0.12812384963035583,-0.10761424899101257,-0.08710464835166931,-0.06659504771232605,-0.04608544707298279,-0.025575846433639526,-0.005066245794296265,0.015443354845046997,0.035952985286712646,0.05646258592605591,0.07697218656539917,0.09748178720474243,0.1179913878440857,0.13850101828575134,0.1590106189250946,0.17952021956443787,0.20002982020378113,0.22053943574428558,0.24104903638362885,0.2615586519241333,0.28206825256347656,0.3025778532028198,0.3230874538421631,0.34359705448150635,0.364106684923172,0.38461628556251526,0.4051258862018585],"_type":"histogram"},"gradients/graph_2layer1.0.bias":{"_type":"histogram","values":[2,0,0,0,1,0,0,0,2,1,1,2,1,1,0,0,2,0,1,1,1,0,0,0,2,0,2,2,1,0,0,2,0,0,0,1,0,0,0,0,0,1,1,0,0,0,1,0,1,1,0,0,0,0,0,0,0,0,0,0,0,0,0,1],"bins":[-0.010753335431218147,-0.010159650817513466,-0.00956596527248621,-0.008972279727458954,-0.008378595113754272,-0.007784910034388304,-0.007191224955022335,-0.006597539875656366,-0.006003854796290398,-0.005410169716924429,-0.00481648463755846,-0.0042227995581924915,-0.003629114478826523,-0.003035429399460554,-0.0024417443200945854,-0.0018480587750673294,-0.001254374161362648,-0.0006606895476579666,-6.70040026307106e-05,0.0005266815423965454,0.0011203661561012268,0.0017140507698059082,0.002307736314833164,0.0029014218598604202,0.0034951064735651016,0.004088791087269783,0.004682476632297039,0.005276162177324295,0.0058698467910289764,0.006463531404733658,0.0070572178810834885,0.00765090249478817,0.008244585245847702,0.008838269859552383,0.009431954473257065,0.010025640949606895,0.010619325563311577,0.011213010177016258,0.011806695722043514,0.01240038126707077,0.012994065880775452,0.013587750494480133,0.014181436039507389,0.014775121584534645,0.015368806198239326,0.015962490811944008,0.01655617728829384,0.01714986190199852,0.0177435465157032,0.018337231129407883,0.018930915743112564,0.019524602219462395,0.020118286833167076,0.020711971446871758,0.021305657923221588,0.02189934253692627,0.02249302715063095,0.023086711764335632,0.023680396378040314,0.024274082854390144,0.024867767468094826,0.025461452081799507,0.026055138558149338,0.02664882317185402,0.0272425077855587]},"train_precision":0.9885978097679886,"test_recall":0.9853,"batch_loss":0.018613748252391815,"gradients/graph_2fc.weight":{"values":[1,0,0,0,0,1,0,1,0,1,2,5,2,3,1,3,5,11,9,10,13,6,15,12,20,35,26,46,46,65,85,131,218,29538,401,198,125,73,61,35,35,29,19,14,10,10,6,5,5,1,3,3,3,4,2,2,2,1,0,0,1,0,0,1],"bins":[-0.023016013205051422,-0.022329723462462425,-0.021643435582518578,-0.02095714583992958,-0.020270856097340584,-0.019584566354751587,-0.01889827847480774,-0.018211988732218742,-0.017525698989629745,-0.016839411109685898,-0.0161531213670969,-0.015466832555830479,-0.014780543744564056,-0.01409425400197506,-0.013407965190708637,-0.01272167544811964,-0.012035386636853218,-0.011349097825586796,-0.010662808082997799,-0.009976519271731377,-0.00929022952914238,-0.008603940717875957,-0.007917651906609535,-0.007231362164020538,-0.006545074284076691,-0.005858784541487694,-0.005172494798898697,-0.0044862050563097,-0.0037999171763658524,-0.0031136274337768555,-0.0024273376911878586,-0.001741049811244011,-0.001054760068655014,-0.00036847032606601715,0.0003178175538778305,0.0010041072964668274,0.0016903970390558243,0.002376684918999672,0.003062974661588669,0.0037492644041776657,0.004435554146766663,0.00512184202671051,0.005808131769299507,0.006494420580565929,0.007180709391832352,0.007866999134421349,0.00855328794568777,0.009239577688276768,0.00992586649954319,0.010612155310809612,0.01129844505339861,0.011984733864665031,0.012671023607254028,0.01335731241852045,0.014043601229786873,0.01472989097237587,0.015416179783642292,0.016102468594908714,0.01678875833749771,0.01747504621744156,0.018161335960030556,0.018847625702619553,0.01953391544520855,0.020220203325152397,0.020906493067741394],"_type":"histogram"},"train_accuracy":0.9884553821528611,"parameters/graph_2layer1.0.bias":{"_type":"histogram","values":[1,0,0,0,0,0,0,2,0,0,0,0,0,3,0,1,0,0,0,0,0,1,0,0,0,0,0,0,0,1,0,1,1,0,0,0,1,0,0,1,2,0,2,3,1,1,1,1,0,1,1,0,1,1,0,0,0,0,0,0,2,0,0,2],