{"batch_loss":0.017937276512384415,"val_precision":0.9840370131487632,"test_precision":0.9867469771128162,"parameters/fc.bias":{"values":[1,0,0,0,0,0,0,1,0,0,0,1,0,0,0,0,0,0,0,0,0,0,0,0,0,0,1,0,0,0,0,0,0,0,0,0,1,0,0,1,1,0,0,0,0,0,0,0,0,1,0,0,0,0,0,0,0,0,0,0,1,0,0,1],"bins":[-0.03843308612704277,-0.03725447878241539,-0.03607587516307831,-0.03489726781845093,-0.03371866047382355,-0.032540056854486465,-0.031361449509859085,-0.030182844027876854,-0.029004238545894623,-0.02782563306391239,-0.02664702758193016,-0.02546842023730278,-0.02428981475532055,-0.023111209273338318,-0.021932601928710938,-0.020753996446728706,-0.019575390964746475,-0.018396785482764244,-0.017218180000782013,-0.016039572656154633,-0.014860967174172401,-0.01368236169219017,-0.01250375434756279,-0.011325148865580559,-0.010146543383598328,-0.008967937901616096,-0.007789332419633865,-0.006610725075006485,-0.005432117730379105,-0.004253514111042023,-0.0030749067664146423,-0.0018963031470775604,-0.00071769580245018,0.0004609115421772003,0.0016395151615142822,0.0028181225061416626,0.0039967261254787445,0.005175333470106125,0.006353940814733505,0.007532546296715736,0.008711151778697968,0.009889757260680199,0.01106836274266243,0.01224697008728981,0.013425575569272041,0.014604181051254272,0.015782788395881653,0.016961393877863884,0.018139999359846115,0.019318604841828346,0.020497210323810577,0.021675817668437958,0.02285442315042019,0.02403302863240242,0.0252116359770298,0.02639024145901203,0.027568846940994263,0.028747452422976494,0.029926057904958725,0.031104665249586105,0.03228326886892319,0.03346187621355057,0.03464048355817795,0.03581908717751503,0.03699769452214241],"_type":"histogram"},"val_recall":0.9839321357285429,"_wandb":{"runtime":73},"best_val_accuracy":0.9839321357285429,"test_recall":0.9867,"parameters/layer1.0.bias":{"_type":"histogram","values":[1,0,0,0,0,0,0,0,1,0,1,1,2,0,1,0,0,1,2,0,0,1,1,0,0,0,0,0,0,0,0,0,0,0,0,0,0,0,0,0,0,1,0,0,0,0,0,0,0,0,0,0,1,0,0,1,0,0,0,0,0,0,0,1],"bins":[-0.06017227843403816,-0.05756933614611626,-0.05496639013290405,-0.05236344784498215,-0.04976050555706024,-0.04715755954384804,-0.04455461725592613,-0.04195167124271393,-0.03934872895479202,-0.03674578666687012,-0.03414284065365791,-0.03153989836573601,-0.028936954215168953,-0.026334010064601898,-0.023731067776679993,-0.02112812176346779,-0.018525179475545883,-0.015922237187623978,-0.013319291174411774,-0.010716348886489868,-0.008113402873277664,-0.005510460585355759,-0.002907518297433853,-0.00030457228422164917,0.0022983700037002563,0.00490131601691246,0.007504258304834366,0.010107200592756271,0.012710142880678177,0.015313085168600082,0.017916034907102585,0.02051897719502449,0.023121923208236694,0.0257248654961586,0.028327807784080505,0.030930757522583008,0.03353369981050491,0.03613664209842682,0.038739584386348724,0.04134252667427063,0.043945472687482834,0.04654841497540474,0.04915136098861694,0.05175430327653885,0.054357245564460754,0.05696019157767296,0.059563133865594864,0.06216607987880707,0.06476902216672897,0.06737196445465088,0.06997491419315338,0.07257784903049469,0.07518079876899719,0.0777837410569191,0.080386683344841,0.08298962563276291,0.08559256792068481,0.08819551765918732,0.09079845994710922,0.09340140223503113,0.09600434452295303,0.09860728681087494,0.10121023654937744,0.10381317883729935,0.10641612112522125]},"train_recall":0.9864945978391356,"gradients/fc.bias":{"bins":[-0.008131499402225018,-0.007827338762581348,-0.007523177191615105,-0.0072190165519714355,-0.006914855446666479,-0.006610694341361523,-0.006306533236056566,-0.00600237213075161,-0.005698211491107941,-0.005394049920141697,-0.005089889280498028,-0.004785728175193071,-0.004481567069888115,-0.0041774059645831585,-0.0038732453249394894,-0.003569084219634533,-0.0032649231143295765,-0.00296076200902462,-0.0026566009037196636,-0.0023524402640759945,-0.002048279158771038,-0.0017441180534660816,-0.0014399569481611252,-0.0011357958428561687,-0.0008316347375512123,-0.0005274740979075432,-0.00022331252694129944,8.084811270236969e-05,0.0003850087523460388,0.0006891703233122826,0.0009933309629559517,0.0012974925339221954,0.0016016531735658646,0.0019058138132095337,0.0022099753841757774,0.0025141360238194466,0.0028182975947856903,0.0031224582344293594,0.0034266188740730286,0.0037307804450392723,0.0040349410846829414,0.004339102189987898,0.004643263295292854,0.004947424400597811,0.005251585505902767,0.005555746611207724,0.005859907250851393,0.006164068356156349,0.006468229461461306,0.006772390566766262,0.0070765516720712185,0.007380712311714888,0.007684873417019844,0.007989034056663513,0.008293195627629757,0.008597356267273426,0.00890151783823967,0.009205678477883339,0.009509839117527008,0.009814000688493252,0.010118161328136921,0.010422322899103165,0.010726483538746834,0.011030645109713078,0.011334805749356747],"_type":"histogram","values":[1,0,1,0,0,0,0,0,1,0,0,0,0,0,0,0,0,0,1,0,0,0,0,0,0,0,0,1,2,0,0,0,0,0,0,0,0,0,0,0,0,0,1,0,0,0,0,1,0,0,0,0,0,0,0,0,0,0,0,0,0,0,0,1]},"parameters/layer1.0.weight":{"_type":"histogram","values":[1,0,1,4,3,4,3,3,3,7,6,2,5,6,3,5,4,3,8,7,6,4,7,6,3,11,12,8,17,8,15,11,10,9,13,3,5,12,7,5,10,10,13,6,5,12,6,8,12,7,6,11,5,6,8,8,1,5,3,3,2,1,1,1],"bins":[-0.4758639633655548,-0.46239587664604187,-0.44892778992652893,-0.435459703207016,-0.42199158668518066,-0.4085234999656677,-0.3950554132461548,-0.38158732652664185,-0.3681192398071289,-0.35465115308761597,-0.341183066368103,-0.3277149796485901,-0.31424689292907715,-0.3007788062095642,-0.2873106896877289,-0.27384260296821594,-0.260374516248703,-0.24690642952919006,-0.23343834280967712,-0.21997025609016418,-0.20650216937065125,-0.19303405284881592,-0.17956596612930298,-0.16609787940979004,-0.1526297926902771,-0.13916170597076416,-0.12569361925125122,-0.11222553253173828,-0.09875741600990295,-0.08528932929039001,-0.07182124257087708,-0.058353155851364136,-0.044885098934173584,-0.031417012214660645,-0.017948925495147705,-0.004480838775634766,0.008987247943878174,0.0224553644657135,0.03592345118522644,0.04939153790473938,0.06285962462425232,0.07632771134376526,0.0897957980632782,0.10326388478279114,0.11673200130462646,0.1302000880241394,0.14366817474365234,0.15713626146316528,0.17060434818267822,0.18407243490219116,0.1975405216217041,0.21100862324237823,0.22447670996189117,0.2379447966814041,0.25141289830207825,0.2648809850215912,0.2783490717411041,0.29181715846061707,0.30528524518013,0.31875336170196533,0.33222144842147827,0.3456895351409912,0.35915762186050415,0.3726257085800171,0.38609379529953003]},"train_accuracy":0.9864945978391356,"_runtime":73,"parameters/layer2.0.weight":{"values":[3,1,3,2,5,11,5,8,11,15,13,17,17,26,33,39,46,55,62,78,85,110,150,158,214,229,303,295,403,561,682,733,846,856,887,917,885,724,591,481,463,352,306,236,196,159,135,109,68,47,47,31,17,12,16,13,10,7,3,4,2,3,1,3],