{"_wandb":{"runtime":70},"val_recall":0.9789421157684631,"_runtime":70,"parameters/layer1.0.bias":{"_type":"histogram","values":[1,0,0,0,0,0,0,0,0,0,0,1,0,0,0,0,0,0,0,0,0,0,0,0,2,0,0,1,0,0,2,0,0,1,2,1,0,0,1,0,1,0,0,0,0,0,0,0,0,0,0,0,0,1,0,0,0,0,0,1,0,0,0,1],"bins":[-0.15194545686244965,-0.1479310542345047,-0.14391665160655975,-0.1399022489786148,-0.13588784635066986,-0.1318734586238861,-0.12785905599594116,-0.12384464591741562,-0.11983025074005127,-0.11581584811210632,-0.11180144548416138,-0.10778704285621643,-0.10377264022827148,-0.09975823760032654,-0.09574383497238159,-0.09172943979501724,-0.0877150371670723,-0.08370063453912735,-0.0796862319111824,-0.07567183673381805,-0.07165743410587311,-0.06764303147792816,-0.06362862884998322,-0.05961422622203827,-0.05559982359409332,-0.05158542841672897,-0.04757102578878403,-0.04355662316083908,-0.039542220532894135,-0.03552781790494919,-0.03151342272758484,-0.027499020099639893,-0.023484624922275543,-0.019470222294330597,-0.01545581966638565,-0.011441424489021301,-0.007427021861076355,-0.0034126192331314087,0.0006017833948135376,0.004616186022758484,0.008630581200122833,0.01264498382806778,0.016659386456012726,0.020673789083957672,0.02468819171190262,0.028702594339847565,0.032716989517211914,0.03673139214515686,0.04074579477310181,0.04476019740104675,0.0487745963037014,0.05278899893164635,0.056803397834300995,0.06081780046224594,0.06483220309019089,0.06884659826755524,0.07286100089550018,0.07687540352344513,0.08088980615139008,0.08490420877933502,0.08891861140727997,0.09293301403522491,0.09694740921258926,0.10096181184053421,0.10497621446847916]},"parameters/layer2.0.weight":{"_type":"histogram","values":[1,0,2,1,1,1,5,4,4,8,6,13,15,17,20,25,33,40,46,75,77,82,112,136,166,173,205,407,796,827,933,982,938,990,1008,1016,869,540,412,313,267,235,219,145,151,117,81,70,56,44,29,29,17,11,8,4,8,2,2,2,1,0,2,1],"bins":[-0.379224956035614,-0.368486613035202,-0.35774824023246765,-0.34700989723205566,-0.3362715244293213,-0.3255331814289093,-0.3147948384284973,-0.30405646562576294,-0.29331812262535095,-0.28257977962493896,-0.2718414068222046,-0.2611030638217926,-0.2503647208213806,-0.23962634801864624,-0.22888800501823425,-0.21814964711666107,-0.2074112892150879,-0.1966729313135147,-0.18593457341194153,-0.17519623041152954,-0.16445787250995636,-0.15371951460838318,-0.1429811716079712,-0.132242813706398,-0.12150445580482483,-0.11076611280441284,-0.10002774000167847,-0.08928939700126648,-0.07855105400085449,-0.06781268119812012,-0.05707433819770813,-0.046335965394973755,-0.03559762239456177,-0.02485927939414978,-0.014120906591415405,-0.003382563591003418,0.007355809211730957,0.018094152212142944,0.02883249521255493,0.03957086801528931,0.050309211015701294,0.061047568917274475,0.07178592681884766,0.08252426981925964,0.09326262772083282,0.104000985622406,0.114739328622818,0.12547768652439117,0.13621604442596436,0.14695440232753754,0.15769276022911072,0.1684311032295227,0.1791694611310959,0.18990781903266907,0.20064616203308105,0.21138451993465424,0.22212287783622742,0.2328612357378006,0.24359959363937378,0.25433793663978577,0.26507627964019775,0.27581465244293213,0.2865529954433441,0.2972913682460785,0.3080297112464905]},"val_precision":0.9790324029159012,"train_f1":0.9813308466767355,"test_recall":0.9818,"_step":49980,"_timestamp":1.767510146992556e+09,"train_accuracy":0.9813725490196078,"parameters/fc.weight":{"values":[1,1,0,1,1,0,2,0,1,1,2,6,1,6,9,8,12,16,25,34,25,23,55,77,79,132,166,197,249,327,758,1343,1483,1882,1674,1655,1560,1222,1038,501,330,213,148,102,105,56,40,28,21,17,16,9,7,4,4,1,1,0,2,1,0,0,1,1],"bins":[-0.4503343105316162,-0.437427818775177,-0.4245213568210602,-0.41161486506462097,-0.39870837330818176,-0.38580191135406494,-0.37289541959762573,-0.3599889278411865,-0.3470824360847473,-0.3341759741306305,-0.3212694823741913,-0.30836302042007446,-0.29545652866363525,-0.28255003690719604,-0.26964354515075684,-0.2567370533943176,-0.2438305914402008,-0.2309241145849228,-0.21801762282848358,-0.20511114597320557,-0.19220465421676636,-0.17929819226264954,-0.16639170050621033,-0.15348520874977112,-0.1405787467956543,-0.1276722550392151,-0.11476576328277588,-0.10185927152633667,-0.08895280957221985,-0.07604631781578064,-0.06313982605934143,-0.05023336410522461,-0.0373268723487854,-0.02442038059234619,-0.01151391863822937,0.0013925731182098389,0.014299064874649048,0.02720552682876587,0.04011201858520508,0.05301851034164429,0.0659250020980835,0.07883146405220032,0.09173795580863953,0.10464444756507874,0.11755090951919556,0.13045740127563477,0.14336387813091278,0.156270369887352,0.16917684674263,0.18208332359790802,0.19498981535434723,0.20789629220962524,0.22080278396606445,0.23370926082134247,0.24661573767662048,0.2595222294330597,0.2724286913871765,0.2853351831436157,0.29824167490005493,0.31114816665649414,0.32405462861061096,0.33696112036705017,0.3498676121234894,0.3627740740776062,0.3756805658340454],"_type":"histogram"},"gradients/layer2.0.bias":{"bins":[-0.008008335717022419,-0.00770185049623251,-0.0073953657411038876,-0.007088880520313978,-0.006782395765185356,-0.006475910544395447,-0.006169425323605537,-0.005862940102815628,-0.005556455347687006,-0.005249970592558384,-0.004943485371768475,-0.004637000150978565,-0.004330514930188656,-0.004024030175060034,-0.0037175449542701244,-0.0034110601991415024,-0.003104574978351593,-0.0027980897575616837,-0.0024916050024330616,-0.0021851197816431522,-0.0018786350265145302,-0.0015721498057246208,-0.0012656645849347115,-0.0009591798298060894,-0.00065269460901618,-0.0003462093882262707,-3.972463309764862e-05,0.00026676058769226074,0.0005732458084821701,0.0008797310292720795,0.0011862153187394142,0.0014927005395293236,0.0017991848289966583,0.0021056700497865677,0.002412155270576477,0.002718639560043812,0.003025124780833721,0.0033316100016236305,0.00363809522241354,0.003944579977542162,0.004251065198332071,0.004557550419121981,0.004864035174250603,0.005170520395040512,0.0054770056158304214,0.0057834903709590435,0.006089975591748953,0.006396460346877575,0.006702945567667484,0.007009430788457394,0.007315915543586016,0.007622400764375925,0.007928885519504547,0.008235370740294456,0.008541855961084366,0.008848341181874275,0.009154826402664185,0.00946131069213152,0.009767795912921429,0.010074281133711338,0.010380766354501247,0.010687251575291157,0.010993735864758492,0.011300221085548401,0.01160670630633831],"_type":"histogram","values":[1,1,0,0,0,0,0,0,0,0,0,0,0,0,1,1,0,1,0,0,0,0,1,0,0,1,15,0,2,0,2,0,0,0,0,0,1,1,0,0,0,2,1,0,0,0,0,0,0,0,0,0,0,0,0,0,0,0,0,0,0,0,0,1]},"train_precision":0.981525394247408,"gradients/layer1.0.bias":{"_type":"histogram","values":[1,0,0,0,0,0,0,0,0,0,1,0,0,0,0,0,0,0,0,2,0,0,0,0,0,0,1,0,0,0,0,1,1,0,1,1,0,2,0,0,0,1,0,0,0,0,0,0,0,1,0,0,0,0,0,1,0,1,0,0,0,0,0,1],