{"parameters/fc.weight":{"_type":"histogram","values":[1,0,0,0,0,0,1,2,1,1,0,5,4,4,5,13,12,16,27,29,23,30,52,60,82,100,123,168,212,269,331,434,543,1058,1227,1246,1454,1200,1223,1229,1067,918,787,444,317,284,194,146,97,72,50,27,18,21,11,13,14,2,2,4,2,3,0,2],"bins":[-0.4230067729949951,-0.4118425250053406,-0.40067824721336365,-0.3895139992237091,-0.37834975123405457,-0.36718547344207764,-0.3560212254524231,-0.34485697746276855,-0.333692729473114,-0.3225284516811371,-0.31136420369148254,-0.3001999258995056,-0.2890356779098511,-0.27787142992019653,-0.266707181930542,-0.25554293394088745,-0.24437865614891052,-0.2332143932580948,-0.22205014526844025,-0.2108858823776245,-0.19972163438796997,-0.18855737149715424,-0.1773931086063385,-0.16622886061668396,-0.15506458282470703,-0.1439003348350525,-0.13273608684539795,-0.12157183885574341,-0.11040756106376648,-0.09924331307411194,-0.0880790650844574,-0.07691478729248047,-0.06575056910514832,-0.054586321115493774,-0.043422043323516846,-0.032257795333862305,-0.021093547344207764,-0.009929269552230835,0.001234978437423706,0.012399226427078247,0.023563474416732788,0.03472775220870972,0.04589200019836426,0.05705626308917999,0.06822052597999573,0.07938477396965027,0.090549036860466,0.10171328485012054,0.11287754774093628,0.12404181063175201,0.13520605862140656,0.1463703215122223,0.15753456950187683,0.16869883239269257,0.1798630952835083,0.19102734327316284,0.20219160616397858,0.2133558690547943,0.22452011704444885,0.2356843799352646,0.24684864282608032,0.25801289081573486,0.2691771388053894,0.28034141659736633,0.2915056645870209]},"batch_loss":0.04737623780965805,"_wandb":{"runtime":109},"gradients/layer2.0.bias":{"_type":"histogram","values":[1,0,1,0,0,0,0,0,0,0,1,0,0,1,2,0,0,1,0,0,0,0,1,1,0,1,0,0,1,0,0,0,0,1,0,0,1,0,0,1,0,1,0,0,1,0,1,7,0,0,1,1,0,0,0,1,0,1,2,1,0,0,0,1],"bins":[-0.00650009885430336,-0.0063635013066232204,-0.006226904224604368,-0.006090306676924229,-0.005953709129244089,-0.00581711158156395,-0.005680514499545097,-0.005543916951864958,-0.005407319404184818,-0.005270722322165966,-0.0051341247744858265,-0.004997527226805687,-0.004860930144786835,-0.004724332597106695,-0.004587735049426556,-0.004451137967407703,-0.004314540419727564,-0.004177942872047424,-0.004041345790028572,-0.0039047482423484325,-0.003768150694668293,-0.003631553379818797,-0.0034949560649693012,-0.0033583585172891617,-0.003221761202439666,-0.00308516388759017,-0.0029485663399100304,-0.0028119690250605345,-0.0026753717102110386,-0.002538774162530899,-0.0024021766148507595,-0.0022655795328319073,-0.0021289822179824114,-0.001992384670302272,-0.0018557875882834196,-0.00171919004060328,-0.0015825924929231405,-0.0014459951780736446,-0.0013093978632241488,-0.0011728003155440092,-0.0010362030006945133,-0.0008996056858450174,-0.0007630081381648779,-0.000626410823315382,-0.0004898135084658861,-0.0003532159607857466,-0.0002166186459362507,-8.002109825611115e-05,5.657621659338474e-05,0.00019317353144288063,0.00032977107912302017,0.00046636839397251606,0.0006029658252373338,0.0007395632565021515,0.0008761605713516474,0.001012758002616465,0.0011493554338812828,0.0012859528651461005,0.0014225502964109182,0.0015591476112604141,0.0016957450425252318,0.0018323424737900496,0.0019689397886395454,0.002105537336319685,0.002242134651169181]},"test_precision":0.9849426821423782,"train_accuracy":0.984733893557423,"test_f1":0.984871260254224,"val_precision":0.9826253549427221,"val_recall":0.9825349301397206,"parameters/layer2.0.bias":{"values":[1,0,0,0,0,0,0,0,0,0,1,0,1,0,0,0,3,0,0,1,2,1,1,2,0,1,0,1,2,0,0,1,1,0,0,1,0,0,0,1,1,0,1,2,0,1,1,1,0,0,0,1,0,0,1,0,0,0,0,0,1,0,0,1],"bins":[-0.10481718927621841,-0.10262678563594818,-0.10043638944625854,-0.09824598580598831,-0.09605558216571808,-0.09386517852544785,-0.09167477488517761,-0.08948437869548798,-0.08729397505521774,-0.08510357141494751,-0.08291317522525787,-0.08072277158498764,-0.07853236794471741,-0.07634196430444717,-0.07415156066417694,-0.0719611644744873,-0.06977076083421707,-0.06758035719394684,-0.0653899610042572,-0.06319955736398697,-0.061009153723716736,-0.0588187500834465,-0.05662835016846657,-0.05443795025348663,-0.0522475466132164,-0.05005714297294617,-0.04786674305796623,-0.0456763431429863,-0.043485939502716064,-0.04129553586244583,-0.039105139672756195,-0.03691473603248596,-0.03472432494163513,-0.0325339213013649,-0.030343517661094666,-0.02815312147140503,-0.025962717831134796,-0.023772314190864563,-0.02158191427588463,-0.019391514360904694,-0.01720111072063446,-0.015010707080364227,-0.012820307165384293,-0.010629907250404358,-0.008439503610134125,-0.006249099969863892,-0.004058700054883957,-0.0018683001399040222,0.00032210350036621094,0.002512507140636444,0.004702907055616379,0.006893308833241463,0.009083710610866547,0.01127411238849163,0.013464514166116714,0.0156549159437418,0.017845317721366882,0.020035719498991966,0.02222612127661705,0.024416523054242134,0.026606924831867218,0.028797326609492302,0.030987728387117386,0.03317812830209732,0.035368531942367554],"_type":"histogram"},"parameters/layer1.0.weight":{"_type":"histogram","values":[1,0,0,0,0,1,0,0,0,1,0,0,3,2,2,1,1,1,6,4,1,6,5,6,8,5,2,6,5,12,6,10,11,10,9,9,14,10,9,10,10,6,14,14,17,6,15,10,18,14,9,12,11,10,10,9,7,10,7,2,2,3,4,3],"bins":[-0.6384217143058777,-0.6230247616767883,-0.6076278686523438,-0.5922309160232544,-0.5768340229988098,-0.5614370703697205,-0.5460401773452759,-0.5306432247161865,-0.5152462720870972,-0.4998493790626526,-0.4844524562358856,-0.46905553340911865,-0.4536585807800293,-0.4382616877555847,-0.42286473512649536,-0.4074678122997284,-0.3920708894729614,-0.37667396664619446,-0.3612770438194275,-0.3458801209926605,-0.33048319816589355,-0.3150862455368042,-0.29968932271003723,-0.28429239988327026,-0.2688954770565033,-0.25349855422973633,-0.23810163140296936,-0.2227047085762024,-0.20730775594711304,-0.19191083312034607,-0.1765139102935791,-0.16111698746681213,-0.14572003483772278,-0.1303231120109558,-0.11492618918418884,-0.09952926635742188,-0.08413234353065491,-0.06873539090156555,-0.053338468074798584,-0.037941545248031616,-0.02254462242126465,-0.007147699594497681,0.008249223232269287,0.023646146059036255,0.03904309868812561,0.05444002151489258,0.06983694434165955,0.08523386716842651,0.10063078999519348,0.11602771282196045,0.13142463564872742,0.14682157337665558,0.16221849620342255,0.17761541903018951,0.19301235675811768,0.20840927958488464,0.2238062024116516,0.23920312523841858,0.25460004806518555,0.2699970006942749,0.2853938937187195,0.30079084634780884,0.3161877691745758,0.3315846920013428,0.34698161482810974]},"gradients/layer1.0.weight":{"_type":"histogram","values":[1,1,0,0,0,1,0,0,1,0,1,2,2,1,1,4,2,1,2,4,5,8,7,7,9,12,7,9,15,15,14,14,20,33,49,26,27,14,23,13,14,3,7,4,7,3,1,2,0,1,1,1,1,1,0,0,1,0,1,0,0,0,0,1],