{"val_recall":0.9840319361277445,"gradients/fc.weight":{"_type":"histogram","values":[3,1,1,3,6,5,2,7,4,7,6,9,10,18,22,11,26,27,30,53,66,80,89,115,173,199,297,450,880,10035,1206,571,328,211,187,108,99,65,65,42,37,28,11,14,12,9,12,7,6,5,4,3,3,1,0,3,1,2,1,1,0,1,0,2],"bins":[-0.005992368329316378,-0.005789316724985838,-0.005586265120655298,-0.005383213981986046,-0.005180162377655506,-0.004977110773324966,-0.004774059168994427,-0.004571007564663887,-0.004367955960333347,-0.004164904356002808,-0.003961852751672268,-0.003758801380172372,-0.003555750008672476,-0.003352698404341936,-0.0031496468000113964,-0.0029465954285115004,-0.0027435438241809607,-0.002540492219850421,-0.002337440848350525,-0.002134389244019985,-0.0019313376396894455,-0.0017282860353589058,-0.001525234431028366,-0.0013221832923591137,-0.001119131688028574,-0.0009160800836980343,-0.0007130284793674946,-0.0005099768750369549,-0.0003069252707064152,-0.00010387413203716278,9.917747229337692e-05,0.0003022290766239166,0.0005052806809544563,0.000708332285284996,0.0009113838896155357,0.0011144354939460754,0.0013174866326153278,0.0015205382369458675,0.0017235898412764072,0.001926641445606947,0.0021296930499374866,0.0023327446542680264,0.0025357957929372787,0.0027388473972678185,0.002941899001598358,0.003144950605928898,0.0033480022102594376,0.0035510535817593336,0.0037541051860898733,0.003957157023251057,0.004160208161920309,0.004363259766250849,0.0045663113705813885,0.004769362509250641,0.004972414113581181,0.00517546571791172,0.00537851732224226,0.0055815689265728,0.005784620530903339,0.005987672135233879,0.006190723739564419,0.0063937753438949585,0.006596826482564211,0.006799878086894751,0.00700292969122529]},"parameters/layer1.0.weight":{"values":[1,0,0,0,3,0,2,2,1,3,4,1,4,1,5,3,3,5,4,3,3,6,7,9,5,8,9,10,13,3,9,13,9,10,8,12,8,12,12,9,10,8,16,6,14,9,14,7,13,6,9,12,10,6,5,11,6,5,7,1,2,1,1,1],"bins":[-0.5299460291862488,-0.5161307454109192,-0.5023154616355896,-0.48850017786026,-0.4746848940849304,-0.46086961030960083,-0.44705429673194885,-0.43323901295661926,-0.4194237291812897,-0.4056084454059601,-0.3917931616306305,-0.3779778480529785,-0.3641625642776489,-0.35034728050231934,-0.33653199672698975,-0.32271671295166016,-0.30890142917633057,-0.295086145401001,-0.2812708616256714,-0.2674555778503418,-0.2536402940750122,-0.23982498049736023,-0.22600969672203064,-0.21219441294670105,-0.19837912917137146,-0.18456384539604187,-0.17074856162071228,-0.1569332778453827,-0.1431179642677307,-0.12930268049240112,-0.11548739671707153,-0.10167211294174194,-0.08785685896873474,-0.07404157519340515,-0.06022629141807556,-0.04641100764274597,-0.03259572386741638,-0.018780410289764404,-0.0049651265144348145,0.008850157260894775,0.022665441036224365,0.036480724811553955,0.050296008586883545,0.06411129236221313,0.07792660593986511,0.0917418897151947,0.10555717349052429,0.11937245726585388,0.13318774104118347,0.14700302481651306,0.16081830859184265,0.17463360726833344,0.18844889104366302,0.20226417481899261,0.2160794734954834,0.229894757270813,0.24371004104614258,0.25752532482147217,0.27134060859680176,0.28515589237213135,0.29897117614746094,0.3127864897251129,0.3266017735004425,0.3404170572757721,0.3542323410511017],"_type":"histogram"},"gradients/layer2.0.weight":{"values":[2,1,1,1,5,0,4,5,7,12,11,8,16,15,21,27,32,50,61,77,91,91,119,147,184,219,261,336,405,525,665,938,1166,1531,2703,913,612,422,333,217,177,100,83,54,33,28,26,14,13,8,8,5,5,2,4,1,0,1,2,1,0,0,0,1],"bins":[-0.0018074933905154467,-0.001754377386532724,-0.0017012613825500011,-0.0016481453785672784,-0.0015950293745845556,-0.0015419134870171547,-0.001488797483034432,-0.0014356814790517092,-0.0013825654750689864,-0.0013294494710862637,-0.001276333467103541,-0.0012232174631208181,-0.0011701015755534172,-0.0011169854551553726,-0.0010638695675879717,-0.001010753563605249,-0.0009576375596225262,-0.0009045215556398034,-0.0008514055516570807,-0.0007982895476743579,-0.0007451735436916351,-0.0006920576561242342,-0.0006389416521415114,-0.0005858256481587887,-0.0005327096441760659,-0.00047959364019334316,-0.0004264776362106204,-0.00037336163222789764,-0.0003202457446604967,-0.00026712974067777395,-0.0002140137366950512,-0.00016089773271232843,-0.0001077818451449275,-5.466584116220474e-05,-1.5498371794819832e-06,5.1566166803240776e-05,0.00010468217078596354,0.00015779805835336447,0.00021091406233608723,0.00026403006631881,0.00031714607030153275,0.0003702620742842555,0.00042337807826697826,0.000476494082249701,0.000529609969817102,0.0005827259737998247,0.0006358419777825475,0.0006889579817652702,0.000742073985747993,0.0007951899897307158,0.0008483059937134385,0.0009014219394885004,0.0009545379434712231,0.0010076540056616068,0.0010607698932290077,0.0011138858972117305,0.0011670019011944532,0.001220117905177176,0.0012732339091598988,0.0013263497967272997,0.0013794659171253443,0.0014325818046927452,0.001485697808675468,0.0015388138126581907,0.0015919298166409135],"_type":"histogram"},"parameters/fc.bias":{"bins":[-0.04069322720170021,-0.03928130865097046,-0.037869393825531006,-0.036457475274801254,-0.0350455604493618,-0.03363364189863205,-0.032221727073192596,-0.030809808522462845,-0.029397891834378242,-0.02798597514629364,-0.026574058458209038,-0.025162141770124435,-0.023750223219394684,-0.02233830653131008,-0.02092638984322548,-0.019514473155140877,-0.018102556467056274,-0.016690639778971672,-0.01527872309088707,-0.013866806402802467,-0.012454889714717865,-0.011042971163988113,-0.009631054475903511,-0.008219137787818909,-0.006807219237089157,-0.005395304411649704,-0.003983385860919952,-0.0025714710354804993,-0.0011595524847507477,0.00025236234068870544,0.001664280891418457,0.00307619571685791,0.00448811799287796,0.005900036543607712,0.007311951369047165,0.008723869919776917,0.01013578474521637,0.011547703295946121,0.012959618121385574,0.014371536672115326,0.01578345149755478,0.01719537004828453,0.018607286736369133,0.020019203424453735,0.021431121975183487,0.02284303866326809,0.02425495535135269,0.025666872039437294,0.027078788727521896,0.0284907054156065,0.0299026221036911,0.031314536929130554,0.032726455479860306,0.03413837403059006,0.03555028885602951,0.03696220740675926,0.038374125957489014,0.03978604078292847,0.04119795560836792,0.04260987415909767,0.04402179270982742,0.045433707535266876,0.04684562608599663,0.04825754091143608,0.04966945946216583],"_type":"histogram","values":[1,0,0,0,0,0,0,1,0,0,0,0,0,0,0,0,0,0,0,0,0,2,0,0,0,1,0,1,0,0,2,0,0,0,0,0,0,0,0,0,0,0,0,0,0,0,0,1,0,0,0,0,0,0,0,0,0,0,0,0,0,0,0,1]},"val_accuracy":0.9840319361277445,"test_precision":0.9856401736695951,