{"test_f1":0.9842168934106202,"_runtime":116,"epoch":0,"parameters/layer2.0.bias":{"values":[1,0,0,0,0,0,0,0,1,0,0,0,0,0,0,0,0,0,0,1,0,1,1,0,1,1,0,2,0,2,2,2,0,1,0,0,1,1,0,1,0,0,0,1,0,0,0,0,0,1,0,2,0,1,2,2,0,1,1,0,0,0,0,2],"bins":[-0.11696373671293259,-0.11484505236148834,-0.1127263605594635,-0.11060767620801926,-0.10848898440599442,-0.10637030005455017,-0.10425160825252533,-0.10213292390108109,-0.10001423954963684,-0.097895547747612,-0.09577685594558716,-0.09365817159414291,-0.09153948724269867,-0.08942079544067383,-0.08730211108922958,-0.08518342673778534,-0.0830647349357605,-0.08094604313373566,-0.07882735878229141,-0.07670867443084717,-0.07458998262882233,-0.07247129827737808,-0.07035261392593384,-0.068233922123909,-0.06611523032188416,-0.06399654597043991,-0.06187785789370537,-0.059759169816970825,-0.05764048546552658,-0.05552179738879204,-0.053403109312057495,-0.051284417510032654,-0.04916572570800781,-0.04704704135656357,-0.04492834955453873,-0.042809661477804184,-0.04069097340106964,-0.0385722890496254,-0.036453600972890854,-0.03433491289615631,-0.03221622481942177,-0.030097536742687225,-0.027978848665952682,-0.02586016058921814,-0.023741476237773895,-0.021622788161039352,-0.01950410008430481,-0.017385412007570267,-0.015266723930835724,-0.013148035854101181,-0.011029347777366638,-0.008910661563277245,-0.006791973486542702,-0.004673285409808159,-0.0025545991957187653,-0.0004359111189842224,0.0016827769577503204,0.0038014650344848633,0.0059201521798968315,0.0080388393253088,0.010157527402043343,0.012276215478777885,0.014394902624189854,0.016513589769601822,0.018632277846336365],"_type":"histogram"},"parameters/layer2.0.weight":{"values":[1,0,0,0,0,1,1,1,1,2,0,2,3,3,7,3,9,5,10,8,17,31,54,44,76,137,167,222,313,384,478,623,925,1150,1209,1238,1211,1095,739,643,514,392,299,217,175,115,83,51,35,17,23,16,17,8,8,6,3,2,1,3,0,1,0,1],"bins":[-0.6570693254470825,-0.6391993165016174,-0.6213293075561523,-0.6034592986106873,-0.5855892896652222,-0.5677192211151123,-0.5498492121696472,-0.5319792032241821,-0.514109194278717,-0.49623918533325195,-0.47836917638778687,-0.4604991376399994,-0.4426291286945343,-0.4247591197490692,-0.40688908100128174,-0.38901907205581665,-0.37114906311035156,-0.3532790541648865,-0.3354090452194214,-0.3175390064716339,-0.2996689975261688,-0.28179898858070374,-0.26392894983291626,-0.24605894088745117,-0.22818893194198608,-0.210318922996521,-0.1924489140510559,-0.17457887530326843,-0.15670883655548096,-0.13883882761001587,-0.12096881866455078,-0.1030988097190857,-0.08522877097129822,-0.06735876202583313,-0.04948875308036804,-0.031618744134902954,-0.013748735189437866,0.004121303558349609,0.021991342306137085,0.03986135125160217,0.05773136019706726,0.07560136914253235,0.09347137808799744,0.11134141683578491,0.12921142578125,0.1470814347267151,0.16495147347450256,0.18282148241996765,0.20069149136543274,0.21856150031089783,0.23643150925636292,0.2543015480041504,0.2721715569496155,0.29004156589508057,0.30791157484054565,0.32578161358833313,0.3436516225337982,0.3615216314792633,0.3793916702270508,0.39726167917251587,0.41513168811798096,0.43300169706344604,0.45087170600891113,0.4687417447566986,0.4866117537021637],"_type":"histogram"},"batch_loss":0.04917927458882332,"test_recall":0.9842,"train_f1":0.9853292643994495,"parameters/layer1.0.bias":{"bins":[-0.18763694167137146,-0.18395967781543732,-0.18028239905834198,-0.17660513520240784,-0.1729278564453125,-0.16925059258937836,-0.16557331383228302,-0.16189604997634888,-0.15821877121925354,-0.1545415073633194,-0.15086422860622406,-0.14718696475028992,-0.14350968599319458,-0.13983242213726044,-0.1361551433801651,-0.13247787952423096,-0.12880060076713562,-0.12512333691120148,-0.12144606560468674,-0.117768794298172,-0.11409152299165726,-0.11041425168514252,-0.10673698037862778,-0.10305970907211304,-0.0993824377655983,-0.09570516645908356,-0.09202789515256882,-0.08835062384605408,-0.08467335253953934,-0.0809960812330246,-0.07731880992650986,-0.07364153861999512,-0.06996426731348038,-0.06628699600696564,-0.0626097247004509,-0.05893245339393616,-0.05525518208742142,-0.05157791078090668,-0.04790063947439194,-0.0442233681678772,-0.04054609686136246,-0.03686882555484772,-0.03319155424833298,-0.029514282941818237,-0.025837011635303497,-0.022159740328788757,-0.018482469022274017,-0.014805197715759277,-0.011127930134534836,-0.007450658828020096,-0.003773387521505356,-9.611621499061584e-05,0.003581155091524124,0.007258426398038864,0.010935697704553604,0.014612969011068344,0.018290238454937935,0.021967509761452675,0.025644781067967415,0.029322052374482155,0.032999321818351746,0.036676593124866486,0.040353864431381226,0.044031135737895966,0.047708407044410706],"_type":"histogram","values":[1,0,0,0,0,1,0,0,0,0,0,0,0,0,0,0,0,0,0,0,0,0,0,0,1,1,0,0,0,1,0,0,0,0,0,1,0,0,0,1,1,1,0,0,0,1,1,1,0,1,0,2,0,0,0,0,0,0,0,0,0,0,0,1]},"train_precision":0.9854107308138387,"val_accuracy":0.9815369261477046,"parameters/fc.bias":{"values":[1,0,0,0,0,0,0,0,0,0,0,0,0,0,0,0,0,0,1,0,0,0,1,0,0,1,0,0,1,0,0,0,0,0,0,0,0,0,0,0,0,0,0,0,1,0,2,0,0,0,0,0,0,1,0,0,0,0,0,0,0,0,0,1],"bins":[-0.05545463040471077,-0.0536775104701519,-0.05190039426088333,-0.05012327432632446,-0.048346154391765594,-0.046569034457206726,-0.04479191452264786,-0.04301479831337929,-0.04123767837882042,-0.03946055844426155,-0.03768344223499298,-0.03590632230043411,-0.034129202365875244,-0.032352082431316376,-0.030574964359402657,-0.028797846287488937,-0.02702072635293007,-0.0252436064183712,-0.023466486483812332,-0.021689370274543762,-0.019912250339984894,-0.018135130405426025,-0.016358014196157455,-0.014580894261598587,-0.012803774327039719,-0.01102665439248085,-0.009249534457921982,-0.007472418248653412,-0.0056952983140945435,-0.003918178379535675,-0.002141062170267105,-0.0003639422357082367,0.0014131739735603333,0.0031902939081192017,0.00496741384267807,0.00674453005194664,0.008521649986505508,0.010298769921064377,0.012075886130332947,0.013853006064891815,0.015630125999450684,0.017407245934009552,0.01918436586856842,0.02096148207783699,0.02273860201239586,0.024515721946954727,0.026292838156223297,0.028069958090782166,0.029847078025341034,0.0316241979598999,0.03340131789445877,0.03517843410372734,0.03695555403828621,0.03873267397284508,0.04050979018211365,0.042286910116672516,0.044064030051231384,0.04584114998579025,0.04761826992034912,0.04939538612961769,0.05117250606417656,0.05294962599873543,0.054726742208004,0.056503862142562866,0.058280982077121735],"_type":"histogram"},"gradients/layer2.0.weight":{"_type":"histogram","values":[1,0,2,1,0,1,1,5,2,0,4,2,1,1,6,7,6,7,1,6,6,21,14,27,30,41,33,82,107,145,213,289,513,837,1378,5447,988,709,473,344,250,201,172,108,92,76,34,38,20,12,16,8,7,4,4,2,0,2,1,0,1,0,0,1],