{"gradients/graph_2layer1.0.bias":{"values":[1,0,0,0,0,0,0,0,0,0,0,0,0,0,0,0,0,0,0,0,0,1,0,0,0,0,0,0,2,2,0,0,0,1,0,1,0,3,1,0,1,0,2,2,0,3,1,0,2,1,1,1,1,1,0,0,1,0,0,1,1,0,0,1],"bins":[-0.02694329433143139,-0.026307394728064537,-0.025671493262052536,-0.025035593658685684,-0.024399692192673683,-0.02376379258930683,-0.02312789112329483,-0.02249199151992798,-0.021856091916561127,-0.021220190450549126,-0.020584290847182274,-0.019948389381170273,-0.01931248977780342,-0.01867659017443657,-0.018040690571069717,-0.017404789105057716,-0.016768887639045715,-0.016132988035678864,-0.015497087500989437,-0.014861187897622585,-0.014225287362933159,-0.013589386828243732,-0.012953486293554306,-0.01231758575886488,-0.011681685224175453,-0.011045785620808601,-0.0104098841547966,-0.009773984551429749,-0.009138084948062897,-0.008502183482050896,-0.007866283878684044,-0.007230382412672043,-0.006594483740627766,-0.005958584137260914,-0.005322682671248913,-0.004686783067882061,-0.00405088160187006,-0.003414981998503208,-0.0027790823951363564,-0.0021431809291243553,-0.0015072813257575035,-0.0008713807910680771,-0.00023548025637865067,0.00040042027831077576,0.0010363208130002022,0.0016722213476896286,0.0023081209510564804,0.002944021485745907,0.0035799220204353333,0.00421582255512476,0.004851723089814186,0.005487622693181038,0.006123523227870464,0.006759423762559891,0.007395324297249317,0.008031224831938744,0.008667124435305595,0.009303025901317596,0.009938925504684448,0.010574826039373875,0.011210726574063301,0.011846626177430153,0.01248252671211958,0.013118427246809006,0.013754327781498432],"_type":"histogram"},"gradients/graph_2fc.bias":{"_type":"histogram","values":[1,0,0,0,0,0,0,0,0,0,0,0,0,0,0,0,0,0,0,0,0,0,0,0,0,0,0,0,0,0,0,0,0,0,0,0,0,0,0,0,0,0,0,0,0,0,0,2,1,0,0,1,0,0,0,0,1,0,0,1,0,0,2,1],"bins":[-0.005852717440575361,-0.005735758226364851,-0.005618799012154341,-0.0055018397979438305,-0.00538488058373332,-0.00526792136952281,-0.0051509621553123,-0.0050340029411017895,-0.004917043726891279,-0.004800084512680769,-0.004683125298470259,-0.0045661660842597485,-0.0044492073357105255,-0.004332248121500015,-0.004215288907289505,-0.004098329693078995,-0.0039813704788684845,-0.0038644110318273306,-0.0037474518176168203,-0.00363049260340631,-0.0035135333891958,-0.0033965741749852896,-0.0032796149607747793,-0.003162655746564269,-0.0030456967651844025,-0.002928737550973892,-0.002811778336763382,-0.0026948191225528717,-0.0025778599083423615,-0.002460900694131851,-0.002343941479921341,-0.0022269822657108307,-0.002110023284330964,-0.001993064070120454,-0.0018761048559099436,-0.0017591456416994333,-0.001642186427488923,-0.0015252272132784128,-0.0014082679990679026,-0.0012913087848573923,-0.001174349570646882,-0.0010573905892670155,-0.0009404313750565052,-0.000823472160845995,-0.0007065129466354847,-0.0005895537324249744,-0.0004725945182144642,-0.00035563530400395393,-0.00023867608979344368,-0.00012171687558293343,-4.757661372423172e-06,0.00011220155283808708,0.00022916076704859734,0.00034611986484378576,0.000463079079054296,0.0005800382932648063,0.0006969975074753165,0.0008139567216858268,0.000930915935896337,0.0010478750336915255,0.0011648342479020357,0.001281793462112546,0.0013987526763230562,0.0015157118905335665,0.0016326711047440767]},"val_f1":0.986027055766527,"parameters/graph_2fc.weight":{"_type":"histogram","values":[1,1,0,0,0,0,2,0,4,0,2,4,4,1,2,7,6,15,13,18,29,20,51,58,90,100,134,174,207,271,318,457,1770,4222,5131,3826,4725,4723,2884,746,362,267,199,159,104,66,54,39,20,19,14,8,11,3,8,2,2,2,1,0,1,2,0,1],"bins":[-0.5457364320755005,-0.5304919481277466,-0.5152474641799927,-0.5000029802322388,-0.48475852608680725,-0.46951404213905334,-0.4542695879936218,-0.4390251040458679,-0.423780620098114,-0.4085361361503601,-0.3932916522026062,-0.3780471980571747,-0.3628027141094208,-0.34755823016166687,-0.33231377601623535,-0.31706929206848145,-0.30182480812072754,-0.28658032417297363,-0.2713358402252197,-0.2560913860797882,-0.2408469021320343,-0.2256024181842804,-0.21035796403884888,-0.19511348009109497,-0.17986899614334106,-0.16462451219558716,-0.14938002824783325,-0.13413557410240173,-0.11889109015464783,-0.10364660620689392,-0.0884021520614624,-0.0731576681137085,-0.0579131543636322,-0.042668670415878296,-0.02742418646812439,-0.012179732322692871,0.003064751625061035,0.01830923557281494,0.03355368971824646,0.048798173666000366,0.06404265761375427,0.07928714156150818,0.09453162550926208,0.1097760796546936,0.1250205636024475,0.14026504755020142,0.15550950169563293,0.17075398564338684,0.18599846959114075,0.20124295353889465,0.21648742258548737,0.23173189163208008,0.24697637557983398,0.2622208595275879,0.2774653434753418,0.2927097976207733,0.3079542815685272,0.32319876551628113,0.33844321966171265,0.35368770360946655,0.36893218755722046,0.38417667150497437,0.39942115545272827,0.4146656095981598,0.4299100935459137]},"_wandb":{"runtime":367},"train_recall":0.9888955582232893,"val_precision":0.9861032433744579,"batch_loss":0.0652797594666481,"parameters/graph_2layer2.0.weight":{"bins":[-0.6809826493263245,-0.6620202660560608,-0.6430578231811523,-0.6240954399108887,-0.605133056640625,-0.5861706137657166,-0.5672082304954529,-0.5482457876205444,-0.5292834043502808,-0.5103210210800171,-0.49135857820510864,-0.47239619493484497,-0.4534337818622589,-0.43447136878967285,-0.4155089855194092,-0.3965465724468231,-0.37758415937423706,-0.358621746301651,-0.33965933322906494,-0.32069694995880127,-0.3017345368862152,-0.28277212381362915,-0.2638097405433655,-0.24484732747077942,-0.22588491439819336,-0.2069225013256073,-0.18796008825302124,-0.16899770498275757,-0.1500353217124939,-0.13107287883758545,-0.11211049556732178,-0.09314805269241333,-0.07418566942214966,-0.055223286151885986,-0.03626084327697754,-0.017298460006713867,0.00166398286819458,0.020626366138458252,0.039588749408721924,0.05855116248130798,0.07751357555389404,0.0964759886264801,0.11543840169906616,0.13440078496932983,0.1533631980419159,0.17232561111450195,0.19128799438476562,0.21025040745735168,0.22921282052993774,0.2481752336025238,0.26713764667510986,0.28610002994537354,0.3050624430179596,0.32402485609054565,0.3429872393608093,0.3619496524333954,0.38091206550598145,0.3998744785785675,0.41883689165115356,0.43779927492141724,0.4567616879940033,0.47572410106658936,0.494686484336853,0.5136489272117615,0.5326113104820251],"_type":"histogram","values":[1,0,0,0,1,3,2,1,3,5,1,7,4,8,12,11,14,25,26,33,51,51,78,100,120,191,235,316,461,575,696,1001,5244,9896,10669,10475,5276,1743,1124,820,513,379,275,240,145,89,83,49,37,21,22,16,12,11,7,5,1,8,1,2,2,1,1,1]},"gradients/graph_2layer2.0.weight":{"_type":"histogram","values":[1,1,0,0,2,0,0,4,1,2,6,9,7,10,9,16,21,36,30,37,55,88,102,152,187,276,339,447,704,1074,1570,41984,1035,676,489,360,321,219,169,165,121,105,64,60,45,35,29,23,21,17,13,15,11,7,7,1,5,5,1,2,3,5,0,1],