{"test_accuracy":0.9829,"_timestamp":1.7672665794129863e+09,"gradients/graph_1fc.bias":{"values":[1,0,0,0,0,0,0,0,0,0,0,0,0,0,0,0,0,0,0,0,0,0,0,0,0,0,0,0,0,0,0,0,1,2,3,2,0,0,0,0,0,0,0,0,0,0,0,0,0,0,0,0,0,0,0,0,0,0,0,0,0,0,0,1],"bins":[-0.022377464920282364,-0.02171526476740837,-0.021053064614534378,-0.020390866324305534,-0.01972866617143154,-0.01906646601855755,-0.018404267728328705,-0.017742067575454712,-0.01707986742258072,-0.016417667269706726,-0.015755467116832733,-0.01509326882660389,-0.014431068673729897,-0.013768868520855904,-0.013106669299304485,-0.012444470077753067,-0.011782269924879074,-0.011120069772005081,-0.010457870550453663,-0.009795671328902245,-0.009133471176028252,-0.008471271023154259,-0.00780907180160284,-0.007146872580051422,-0.006484672427177429,-0.005822472274303436,-0.005160272121429443,-0.0044980738312006,-0.0038358736783266068,-0.003173673525452614,-0.00251147523522377,-0.0018492750823497772,-0.0011870749294757843,-0.0005248747766017914,0.00013732537627220154,0.0007995236665010452,0.0014617238193750381,0.002123923972249031,0.0027861222624778748,0.0034483224153518677,0.004110522568225861,0.0047727227210998535,0.005434921942651272,0.00609712116420269,0.006759321317076683,0.007421521469950676,0.008083720691502094,0.008745919913053513,0.009408120065927505,0.010070320218801498,0.010732519440352917,0.011394718661904335,0.012056918814778328,0.01271911896765232,0.01338131818920374,0.014043517410755157,0.01470571756362915,0.015367917716503143,0.016030117869377136,0.01669231615960598,0.017354516312479973,0.018016716465353966,0.01867891475558281,0.019341114908456802,0.020003315061330795],"_type":"histogram"},"train_precision":0.9887465934542858,"train_f1":0.9886692431718339,"val_f1":0.9826181984677231,"parameters/graph_1layer2.0.bias":{"_type":"histogram","values":[2,0,0,0,0,0,0,0,0,0,0,0,0,1,0,2,1,0,0,1,1,0,1,0,1,1,1,0,0,0,0,1,2,1,2,0,1,1,2,1,1,1,2,0,1,2,1,0,2,4,2,2,0,2,0,3,1,2,2,1,3,5,1,3],"bins":[-0.6595751047134399,-0.6493852734565735,-0.6391953825950623,-0.6290055513381958,-0.6188156604766846,-0.6086258292198181,-0.5984359979629517,-0.5882461071014404,-0.578056275844574,-0.5678663849830627,-0.5576765537261963,-0.5474866628646851,-0.5372968316078186,-0.5271070003509521,-0.5169171094894409,-0.5067272782325745,-0.49653738737106323,-0.4863475561141968,-0.47615769505500793,-0.4659678339958191,-0.45577797293663025,-0.4455881118774414,-0.43539828062057495,-0.4252083897590637,-0.41501855850219727,-0.4048286974430084,-0.3946388363838196,-0.38444897532463074,-0.3742591142654419,-0.36406928300857544,-0.3538794219493866,-0.34368956089019775,-0.3334996700286865,-0.32330983877182007,-0.31311994791030884,-0.3029301166534424,-0.2927402853965759,-0.2825503945350647,-0.27236056327819824,-0.262170672416687,-0.25198084115982056,-0.2417909801006317,-0.23160111904144287,-0.22141125798225403,-0.21122141182422638,-0.20103155076503754,-0.1908416897058487,-0.18065184354782104,-0.1704619824886322,-0.16027212142944336,-0.1500822752714157,-0.13989241421222687,-0.12970255315303802,-0.11951269954442978,-0.10932284593582153,-0.09913298487663269,-0.08894313126802444,-0.0787532776594162,-0.06856341660022736,-0.05837356299161911,-0.048183705657720566,-0.03799384832382202,-0.027803992852568626,-0.01761413738131523,-0.007424280047416687]},"test_recall":0.9829,"test_precision":0.9830242967963162,"_wandb":{"runtime":213},"train_accuracy":0.9886754701880752,"_step":149940,"test_f1":0.9828899108238255,"parameters/graph_1layer1.0.weight":{"values":[2,1,0,1,2,0,0,0,4,3,1,3,2,2,2,2,5,8,7,7,8,5,2,5,8,6,11,12,8,11,13,9,8,6,9,10,11,23,19,18,16,9,8,14,12,10,9,7,6,11,6,7,7,5,5,1,5,2,2,1,2,0,0,1],"bins":[-1.062371015548706,-1.036098837852478,-1.00982666015625,-0.9835545420646667,-0.9572823643684387,-0.9310101866722107,-0.9047380685806274,-0.8784658908843994,-0.8521937131881714,-0.8259215354919434,-0.7996493577957153,-0.7733772397041321,-0.747105062007904,-0.720832884311676,-0.6945607662200928,-0.6682885885238647,-0.6420164108276367,-0.6157442331314087,-0.5894720554351807,-0.5631999373435974,-0.5369277596473694,-0.5106555819511414,-0.4843834638595581,-0.4581112861633301,-0.43183910846710205,-0.405566930770874,-0.379294753074646,-0.35302263498306274,-0.3267504572868347,-0.3004782795906067,-0.27420616149902344,-0.2479339838027954,-0.2216617465019226,-0.19538956880569458,-0.16911739110946655,-0.1428452730178833,-0.11657309532165527,-0.09030091762542725,-0.064028799533844,-0.03775662183761597,-0.01148444414138794,0.014787733554840088,0.041059911251068115,0.06733202934265137,0.0936042070388794,0.11987638473510742,0.14614853262901306,0.1724206805229187,0.19869285821914673,0.22496503591537476,0.2512371838092804,0.27750933170318604,0.30378150939941406,0.3300536870956421,0.35632583498954773,0.38259798288345337,0.4088701605796814,0.4351423382759094,0.46141448616981506,0.4876866340637207,0.5139588117599487,0.5402309894561768,0.5665031671524048,0.592775285243988,0.6190474629402161],"_type":"histogram"},"parameters/graph_1fc.weight":{"values":[1,1,3,1,1,0,2,2,2,3,2,6,7,8,14,15,22,23,53,56,59,63,108,108,154,197,259,319,378,478,656,947,1182,1359,1523,4733,6386,5856,1731,1178,991,686,433,373,273,200,142,99,84,71,35,19,19,12,7,8,2,1,3,2,2,1,0,1],"bins":[-1.6638963222503662,-1.618577241897583,-1.5732581615447998,-1.5279390811920166,-1.482620120048523,-1.4373010396957397,-1.3919819593429565,-1.3466628789901733,-1.3013439178466797,-1.2560248374938965,-1.2107057571411133,-1.16538667678833,-1.1200675964355469,-1.0747485160827637,-1.0294294357299805,-0.9841104745864868,-0.9387913942337036,-0.8934723138809204,-0.848153293132782,-0.8028342127799988,-0.7575151920318604,-0.7121961116790771,-0.666877031326294,-0.6215579509735107,-0.5762388706207275,-0.5309199094772339,-0.4856008291244507,-0.4402817487716675,-0.3949626684188843,-0.3496435880661011,-0.3043246269226074,-0.2590055465698242,-0.21368646621704102,-0.1683673858642578,-0.12304830551147461,-0.07772934436798096,-0.032410264015197754,0.01290881633758545,0.05822789669036865,0.10354697704315186,0.1488659381866455,0.1941850185394287,0.23950409889221191,0.2848231792449951,0.3301422595977783,0.37546128034591675,0.42078036069869995,0.4660993814468384,0.5114184617996216,0.5567375421524048,0.6020565629005432,0.6473756432533264,0.6926946640014648,0.738013744354248,0.7833328247070312,0.8286519050598145,0.8739709258079529,0.9192899465560913,0.9646090269088745,1.0099281072616577,1.055247187614441,1.1005661487579346,1.1458852291107178,1.191204309463501,1.2365233898162842],"_type":"histogram"},"val_recall":0.9826347305389221,"train_recall":0.9886754701880752,"gradients/graph_1layer2.0.weight":{"bins":[-0.03620262071490288,-0.03501823917031288,-0.033833861351013184,-0.03264947980642319,-0.03146509826183319,-0.030280720442533493,-0.029096338897943497,-0.02791195921599865,-0.026727579534053802,-0.025543199852108955,-0.02435882017016411,-0.023174438625574112,-0.021990058943629265,-0.020805679261684418,-0.01962129771709442,-0.018436918035149574,-0.017252538353204727,-0.01606815867125988,-0.014883778989315033,-0.013699397444725037,-0.01251501776278019,-0.011330638080835342,-0.010146256536245346,-0.008961876854300499,-0.007777497172355652,-0.006593117490410805,-0.005408737808465958,-0.004224356263875961,-0.003039974719285965,-0.001855596899986267,-0.0006712153553962708,0.0005131624639034271,0.001697540283203125,0.0028819218277931213,0.004066299647092819,0.0052506811916828156,0.006435059010982513,0.00761944055557251,0.008803822100162506,0.009988201782107353,0.0111725814640522,0.012356961145997047,0.013541340827941895,0.014725722372531891,0.015910102054476738,0.017094481736421585,0.01827886328101158,0.01946324296295643,0.020647622644901276,0.021832002326846123,0.02301638200879097,0.024200763553380966,0.025385143235325813,0.02656952291727066,0.027753904461860657,0.028938284143805504,0.03012266382575035,0.03130704164505005,0.032491423189640045,0.03367580473423004,0.03486018627882004,0.036044564098119736,0.03722894564270973,0.03841332346200943,0.039597705006599426],