{"val_recall":0.9854291417165668,"test_f1":0.985690477674536,"val_accuracy":0.9854291417165668,"parameters/graph_4layer2.0.bias":{"bins":[-0.3086945414543152,-0.30366379022598267,-0.29863303899765015,-0.2936022877693176,-0.2885715365409851,-0.2835407853126526,-0.2785100042819977,-0.27347925305366516,-0.26844850182533264,-0.2634177505970001,-0.2583869993686676,-0.2533562481403351,-0.24832549691200256,-0.24329474568367004,-0.23826399445533752,-0.2332332283258438,-0.2282024770975113,-0.22317172586917877,-0.21814095973968506,-0.21311020851135254,-0.20807945728302002,-0.2030487060546875,-0.19801795482635498,-0.19298720359802246,-0.18795645236968994,-0.18292568624019623,-0.1778949350118637,-0.1728641837835312,-0.16783343255519867,-0.16280268132686615,-0.15777191519737244,-0.15274116396903992,-0.1477104127407074,-0.14267966151237488,-0.13764891028404236,-0.13261814415454865,-0.12758739292621613,-0.1225566416978836,-0.11752589046955109,-0.11249513924121857,-0.10746438056230545,-0.10243362933397293,-0.09740287065505981,-0.0923721194267273,-0.08734136819839478,-0.08231060951948166,-0.07727985829114914,-0.07224909961223602,-0.0672183483839035,-0.062187597155570984,-0.05715683847665787,-0.05212608724832535,-0.04709533229470253,-0.04206457734107971,-0.03703382611274719,-0.032003071159124374,-0.026972316205501556,-0.02194156125187874,-0.01691081002354622,-0.011880056001245975,-0.0068493010476231575,-0.0018185470253229141,0.0032122069969773293,0.008242961019277573,0.013273715041577816],"_type":"histogram","values":[1,0,0,0,0,0,0,0,1,0,0,0,0,0,0,0,0,0,1,0,1,0,0,1,1,0,0,0,0,3,1,2,0,1,0,0,0,0,0,0,1,0,2,2,3,2,0,5,3,1,1,4,3,4,3,2,1,1,3,0,3,1,3,3]},"_wandb":{"runtime":194},"gradients/graph_4fc.weight":{"_type":"histogram","values":[2,0,0,0,0,1,0,1,0,0,1,0,3,3,2,2,2,6,3,8,2,6,5,9,13,16,22,40,43,73,143,30315,345,82,50,47,25,16,14,9,8,4,5,2,7,5,3,3,1,4,1,3,1,0,0,1,0,0,1,0,0,0,0,2],"bins":[-0.029488850384950638,-0.028559716418385506,-0.027630584314465523,-0.02670145034790039,-0.02577231638133526,-0.024843182414770126,-0.023914050310850143,-0.02298491634428501,-0.02205578237771988,-0.021126650273799896,-0.020197516307234764,-0.019268382340669632,-0.01833925023674965,-0.017410114407539368,-0.016480982303619385,-0.015551848337054253,-0.014622715301811695,-0.013693582266569138,-0.012764448300004005,-0.011835314333438873,-0.01090618222951889,-0.009977048262953758,-0.009047914296388626,-0.008118780329823494,-0.007189648225903511,-0.006260514259338379,-0.005331380292773247,-0.004402248188853264,-0.0034731142222881317,-0.0025439802557229996,-0.0016148462891578674,-0.0006857141852378845,0.00024341978132724762,0.0011725537478923798,0.0021016858518123627,0.003030819818377495,0.003959953784942627,0.004889087751507759,0.005818219855427742,0.006747353821992874,0.007676487788558006,0.00860561989247799,0.009534753859043121,0.010463887825608253,0.011393021792173386,0.012322153896093369,0.0132512878626585,0.014180421829223633,0.01510955486446619,0.016038687899708748,0.01696782186627388,0.017896953970193863,0.018826089799404144,0.019755221903324127,0.02068435586988926,0.02161348983645439,0.022542621940374374,0.023471755906939507,0.02440088987350464,0.02533002197742462,0.026259155943989754,0.027188289910554886,0.028117423877120018,0.02904655598104,0.029975689947605133]},"parameters/graph_4layer2.0.weight":{"_type":"histogram","values":[1,0,0,0,1,0,1,0,1,1,0,3,1,3,0,3,2,4,11,18,23,32,36,41,65,65,92,112,116,127,185,254,315,398,530,687,2261,5076,5397,5013,2141,732,551,305,244,192,159,116,74,63,42,32,23,14,8,9,6,3,5,3,1,0,1,1],"bins":[-1.159361720085144,-1.1302458047866821,-1.1011298894882202,-1.0720139741897583,-1.0428979396820068,-1.013782024383545,-0.984666109085083,-0.9555501937866211,-0.9264342784881592,-0.8973183631896973,-0.8682023882865906,-0.8390864729881287,-0.809970498085022,-0.7808545827865601,-0.7517386674880981,-0.7226227521896362,-0.6935068368911743,-0.6643908619880676,-0.6352749466896057,-0.6061590313911438,-0.5770430564880371,-0.5479271411895752,-0.5188112258911133,-0.48969531059265137,-0.4605793356895447,-0.43146342039108276,-0.40234750509262085,-0.37323153018951416,-0.34411561489105225,-0.31499969959259033,-0.2858837842941284,-0.25676780939102173,-0.22765189409255981,-0.1985359787940979,-0.1694200038909912,-0.1403040885925293,-0.11118817329406738,-0.08207225799560547,-0.05295628309249878,-0.023840367794036865,0.005275547504425049,0.03439152240753174,0.06350743770599365,0.09262335300445557,0.12173926830291748,0.15085524320602417,0.17997115850448608,0.209087073802948,0.2382030189037323,0.2673189640045166,0.2964348793029785,0.3255508244037628,0.35466673970222473,0.38378268480300903,0.41289860010147095,0.44201454520225525,0.47113049030303955,0.5002464056015015,0.5293623208999634,0.5584782361984253,0.587594211101532,0.6167101263999939,0.6458260416984558,0.6749420166015625,0.7040579319000244]},"epoch":2,"train_precision":0.989646047438533,"_runtime":194,"_step":149940,"val_precision":0.9855882678066717,"parameters/graph_4layer1.0.weight":{"_type":"histogram","values":[1,0,0,0,2,2,0,0,2,2,1,2,0,2,0,3,0,2,2,2,2,6,3,5,6,4,10,8,5,5,8,3,14,8,13,13,10,17,11,18,13,14,11,18,17,13,12,8,10,12,16,10,10,5,5,5,6,6,3,3,4,2,3,2],"bins":[-0.8523398637771606,-0.8320063352584839,-0.8116728067398071,-0.7913393378257751,-0.7710058093070984,-0.7506722807884216,-0.7303388118743896,-0.7100052833557129,-0.6896717548370361,-0.6693382263183594,-0.6490046977996826,-0.6286712288856506,-0.6083377003669739,-0.5880041718482971,-0.5676707029342651,-0.5473371744155884,-0.5270036458969116,-0.5066701173782349,-0.4863366186618805,-0.4660031199455261,-0.44566959142684937,-0.4253360629081726,-0.40500256419181824,-0.38466906547546387,-0.3643355369567871,-0.34400200843811035,-0.3236684799194336,-0.3033350110054016,-0.28300148248672485,-0.2626679539680481,-0.2423344850540161,-0.22200095653533936,-0.2016674280166626,-0.18133389949798584,-0.16100037097930908,-0.1406669020652771,-0.12033337354660034,-0.09999984502792358,-0.0796663761138916,-0.059332847595214844,-0.038999319076538086,-0.018665790557861328,0.001667708158493042,0.022001206874847412,0.04233473539352417,0.06266826391220093,0.0830017626285553,0.10333526134490967,0.12366878986358643,0.14400231838226318,0.16433581709861755,0.18466931581497192,0.20500284433364868,0.22533635795116425,0.2456698715686798,0.2660033702850342,0.28633689880371094,0.3066704273223877,0.32700392603874207,0.34733742475509644,0.3676709532737732,0.38800448179244995,0.4083379805088043,0.4286714792251587,0.44900500774383545]},"train_f1":0.9895439455656309,"parameters/graph_4layer1.0.bias":{"_type":"histogram","values":[1,0,0,0,1,0,0,0,0,0,0,0,0,0,0,0,0,0,0,0,1,0,0,0,0,0,1,0,0,1,0,0,1,0,1,0,0,1,0,0,0,0,3,1,1,0,0,0,0,0,0,0,1,0,0,0,0,0,1,0,0,0,0,1],