{"train_f1":0.9914918849818423,"gradients/layer1.0.bias":{"_type":"histogram","values":[1,0,0,0,1,0,0,1,0,0,0,0,0,0,0,0,0,0,0,0,0,1,1,0,0,0,1,1,0,1,1,1,0,0,1,2,0,2,1,1,0,0,1,0,3,0,0,0,3,2,1,0,0,0,0,2,0,1,0,0,0,0,1,1],"bins":[-0.033281438052654266,-0.03240479156374931,-0.03152814507484436,-0.030651500448584557,-0.029774855822324753,-0.0288982093334198,-0.028021562844514847,-0.027144916355609894,-0.02626827172935009,-0.025391627103090286,-0.024514980614185333,-0.02363833412528038,-0.022761687636375427,-0.021885043010115623,-0.02100839652121067,-0.020131751894950867,-0.019255105406045914,-0.01837845891714096,-0.017501814290881157,-0.016625167801976204,-0.0157485231757164,-0.014871876686811447,-0.013995230197906494,-0.01311858557164669,-0.012241939082741737,-0.011365292593836784,-0.01048864796757698,-0.009612001478672028,-0.008735354989767075,-0.00785871036350727,-0.006982063874602318,-0.006105419248342514,-0.005228770896792412,-0.004352124407887459,-0.003475479781627655,-0.002598833292722702,-0.0017221886664628983,-0.0008455421775579453,3.110431134700775e-05,0.0009077489376068115,0.0017843954265117645,0.0026610419154167175,0.0035376865416765213,0.004414333030581474,0.005290979519486427,0.006167624145746231,0.007044270634651184,0.007920916192233562,0.00879756174981594,0.00967420730739832,0.010550852864980698,0.01142749935388565,0.012304144911468029,0.013180790469050407,0.01405743695795536,0.014934082515537739,0.015810728073120117,0.01668737456202507,0.017564019188284874,0.018440665677189827,0.01931731030344963,0.020193956792354584,0.021070603281259537,0.02194724790751934,0.022823894396424294]},"val_precision":0.9876547026204963,"gradients/layer1.0.weight":{"values":[3,0,0,0,0,0,3,0,1,1,0,1,2,0,2,2,3,1,1,3,3,1,3,8,9,20,16,11,19,18,25,28,28,55,61,99,77,43,28,28,29,18,24,17,15,15,13,10,7,8,7,6,9,2,4,2,3,2,0,2,2,1,0,1],"bins":[-0.02901221066713333,-0.028204502537846565,-0.0273967944085598,-0.026589086279273033,-0.025781378149986267,-0.024973668158054352,-0.024165960028767586,-0.02335825189948082,-0.022550543770194054,-0.021742835640907288,-0.02093512751162052,-0.020127419382333755,-0.01931970939040184,-0.018512003123760223,-0.017704293131828308,-0.016896585002541542,-0.016088876873254776,-0.01528116874396801,-0.014473460614681244,-0.013665751554071903,-0.012858044356107712,-0.012050334364175797,-0.01124262623488903,-0.010434918105602264,-0.009627209976315498,-0.008819501847028732,-0.008011793717741966,-0.0072040855884552,-0.006396375596523285,-0.005588667467236519,-0.004780959337949753,-0.003973251208662987,-0.00316554494202137,-0.002357836812734604,-0.0015501286834478378,-0.0007424205541610718,6.528757512569427e-05,0.0008729975670576096,0.0016807056963443756,0.0024884138256311417,0.0032961219549179077,0.004103830084204674,0.00491153821349144,0.005719246342778206,0.006526956334710121,0.007334663532674313,0.008142372593283653,0.00895008072257042,0.009757788851857185,0.010565496981143951,0.011373205110430717,0.012180914171040058,0.012988622300326824,0.01379633042961359,0.014604039490222931,0.015411747619509697,0.016219455748796463,0.01702716387808323,0.017834872007369995,0.01864258199930191,0.019450288265943527,0.020257998257875443,0.02106570638716221,0.021873414516448975,0.02268112264573574],"_type":"histogram"},"parameters/layer2.0.weight":{"values":[1,3,0,3,3,4,5,2,8,8,14,15,24,32,28,44,37,49,68,86,125,153,173,218,353,408,640,855,1104,1529,6294,12400,12676,8106,1919,1134,746,463,373,249,237,162,114,85,73,47,28,24,20,14,8,6,6,5,3,2,4,4,0,2,2,1,0,1],"bins":[-0.7857757806777954,-0.7622740864753723,-0.738772451877594,-0.7152707576751709,-0.6917690634727478,-0.6682673692703247,-0.6447657346725464,-0.6212640404701233,-0.5977623462677002,-0.5742607116699219,-0.5507590174674988,-0.5272573232650757,-0.5037556886672974,-0.48025399446487427,-0.45675233006477356,-0.43325063586235046,-0.40974897146224976,-0.38624730706214905,-0.36274561285972595,-0.33924394845962524,-0.31574225425720215,-0.29224058985710144,-0.26873892545700073,-0.24523723125457764,-0.22173559665679932,-0.19823390245437622,-0.17473220825195312,-0.15123051404953003,-0.1277288794517517,-0.10422718524932861,-0.08072549104690552,-0.0572238564491272,-0.0337221622467041,-0.010220468044281006,0.013281166553497314,0.03678286075592041,0.060284554958343506,0.08378618955612183,0.10728788375854492,0.13078957796096802,0.1542912721633911,0.17779290676116943,0.20129460096359253,0.22479626536369324,0.24829792976379395,0.27179962396621704,0.29530128836631775,0.31880298256874084,0.34230464696884155,0.36580631136894226,0.38930800557136536,0.41280966997146606,0.43631136417388916,0.45981302857398987,0.4833146929740906,0.5068163871765137,0.530318021774292,0.5538197159767151,0.5773214101791382,0.6008230447769165,0.6243247389793396,0.6478264331817627,0.6713281273841858,0.6948297619819641,0.7183314561843872],"_type":"histogram"},"gradients/fc.weight":{"_type":"histogram","values":[2,0,0,1,0,2,0,0,2,4,3,5,6,4,8,15,7,10,5,18,18,20,36,28,61,55,86,123,257,29907,197,99,79,60,44,39,27,29,14,24,14,9,6,5,7,4,5,4,1,1,0,2,1,0,0,2,1,1,1,0,0,0,0,1],"bins":[-0.05943654477596283,-0.05741366371512413,-0.05539078265428543,-0.05336790159344673,-0.05134502053260803,-0.04932214319705963,-0.04729926213622093,-0.04527638107538223,-0.04325350001454353,-0.041230618953704834,-0.039207737892866135,-0.037184856832027435,-0.035161979496479034,-0.03313909471035004,-0.031116217374801636,-0.029093336313962936,-0.027070455253124237,-0.025047574192285538,-0.02302469313144684,-0.02100181207060814,-0.01897893100976944,-0.01695605367422104,-0.01493317261338234,-0.01291029155254364,-0.01088741049170494,-0.008864529430866241,-0.006841648370027542,-0.004818767309188843,-0.002795889973640442,-0.0007730089128017426,0.0012498721480369568,0.0032727569341659546,0.005295641720294952,0.007318519055843353,0.009341403841972351,0.01136428490281105,0.01338716596364975,0.01541004329919815,0.01743292436003685,0.01945580542087555,0.02147868648171425,0.023501567542552948,0.025524448603391647,0.027547329664230347,0.029570206999778748,0.03159308806061745,0.033615969121456146,0.035638850182294846,0.037661731243133545,0.039684612303972244,0.041707493364810944,0.043730370700359344,0.04575325548648834,0.04777613282203674,0.04979901388287544,0.05182189494371414,0.05384477600455284,0.05586765706539154,0.05789053812623024,0.05991341918706894,0.06193629652261734,0.06395918130874634,0.06598205864429474,0.06800494343042374,0.07002782076597214]},"test_accuracy":0.9864,"test_precision":0.9864299598693257,"batch_loss":0.04015008732676506,"gradients/layer2.0.bias":{"bins":[-0.011881617829203606,-0.011383646167814732,-0.010885674506425858,-0.010387701913714409,-0.009889730252325535,-0.00939175859093666,-0.008893785998225212,-0.008395814336836338,-0.007897842675447464,-0.00739987101405859,-0.006901898887008429,-0.006403926759958267,-0.005905955098569393,-0.005407983437180519,-0.004910011310130358,-0.004412039183080196,-0.003914067521691322,-0.0034160958603024483,-0.0029181241989135742,-0.0024201516062021255,-0.0019221799448132515,-0.0014242082834243774,-0.0009262356907129288,-0.0004282640293240547,6.970763206481934e-05,0.0005676792934536934,0.0010656509548425674,0.0015636235475540161,0.00206159520894289,0.0025595668703317642,0.003057539463043213,0.003555511124432087,0.004053480923175812,0.004551452584564686,0.00504942424595356,0.0055473968386650085,0.006045368500053883,0.006543340161442757,0.007041312754154205,0.007539284415543079,0.008037256076931953,0.008535227738320827,0.009033199399709702,0.00953117199242115,0.010029143653810024,0.010527115315198898,0.011025087907910347,0.011523059569299221,0.012021031230688095,0.01251900289207697,0.013016974553465843,0.013514947146177292,0.014012918807566166,0.01451089046895504,0.015008863061666489,0.015506834723055363,0.016004806384444237,0.016502778977155685,0.017000749707221985,0.017498722299933434,0.017996694892644882,0.01849466562271118,0.01899263821542263,0.01949060894548893,0.01998858153820038],"_type":"histogram",