{"batch_loss":0.027729826048016548,"gradients/graph_3layer2.0.bias":{"bins":[-0.003684278344735503,-0.003520582104101777,-0.0033568860962986946,-0.0031931898556649685,-0.0030294936150312424,-0.0028657973743975163,-0.00270210113376379,-0.0025384051259607077,-0.0023747088853269815,-0.0022110126446932554,-0.002047316636890173,-0.0018836203962564468,-0.0017199241556227207,-0.0015562279149889946,-0.0013925319071859121,-0.001228835666552186,-0.00106513942591846,-0.0009014431852847338,-0.0007377469446510077,-0.0005740509368479252,-0.00041035469621419907,-0.00024665845558047295,-8.296244777739048e-05,8.073379285633564e-05,0.00024443003349006176,0.0004081262741237879,0.000571822514757514,0.0007355187553912401,0.0008992145303636789,0.001062910770997405,0.0012266070116311312,0.0013903032522648573,0.0015539992600679398,0.0017176955007016659,0.001881391741335392,0.002045087981969118,0.0022087842226028442,0.002372479997575283,0.002536176238209009,0.0026998724788427353,0.0028635687194764614,0.0030272649601101875,0.0031909612007439137,0.003354657208546996,0.0035183534491807222,0.0036820496898144484,0.003845745697617531,0.004009441938251257,0.004173138178884983,0.004336834419518709,0.004500530660152435,0.004664226435124874,0.0048279231414198875,0.004991618916392326,0.0051553151570260525,0.005319011397659779,0.005482707638293505,0.005646403878927231,0.005810100119560957,0.005973796360194683,0.006137492135167122,0.006301188375800848,0.006464884616434574,0.0066285808570683,0.006792277097702026],"_type":"histogram","values":[1,0,0,1,0,0,1,0,1,1,0,0,0,0,1,3,0,0,0,3,2,0,42,1,0,1,0,2,0,0,0,0,0,0,0,0,0,0,1,1,0,0,0,0,0,0,0,1,0,0,0,0,0,0,0,0,0,0,0,0,0,0,0,1]},"gradients/graph_3fc.weight":{"values":[1,1,2,0,1,0,0,0,3,0,2,3,0,1,1,0,3,3,2,8,7,10,12,11,20,12,31,52,79,122,275,29586,611,171,95,67,45,22,20,9,14,9,9,7,6,6,3,2,1,1,1,0,1,4,0,2,1,0,0,0,0,2,2,1],"bins":[-0.02252860739827156,-0.021819816902279854,-0.021111026406288147,-0.02040223591029644,-0.019693445414304733,-0.018984654918313026,-0.01827586442232132,-0.017567073926329613,-0.016858283430337906,-0.0161494929343462,-0.015440702438354492,-0.014731911942362785,-0.014023122377693653,-0.013314331881701946,-0.01260554138571024,-0.011896750889718533,-0.011187960393726826,-0.010479169897735119,-0.009770379401743412,-0.009061588905751705,-0.008352798409759998,-0.0076440079137682915,-0.006935217417776585,-0.006226427853107452,-0.0055176373571157455,-0.004808846861124039,-0.004100056365132332,-0.003391265869140625,-0.002682475373148918,-0.0019736848771572113,-0.0012648943811655045,-0.0005561038851737976,0.00015268661081790924,0.0008614771068096161,0.001570267602801323,0.00227905809879303,0.0029878485947847366,0.0036966390907764435,0.00440542958676815,0.005114220082759857,0.005823010578751564,0.006531801074743271,0.007240590639412403,0.00794938113540411,0.008658171631395817,0.009366962127387524,0.01007575262337923,0.010784543119370937,0.011493333615362644,0.012202124111354351,0.012910914607346058,0.013619705103337765,0.014328495599329472,0.015037285163998604,0.01574607565999031,0.016454866155982018,0.017163656651973724,0.01787244714796543,0.018581237643957138,0.019290028139948845,0.019998818635940552,0.02070760913193226,0.021416399627923965,0.022125190123915672,0.02283398061990738],"_type":"histogram"},"train_f1":0.9925187934611787,"train_accuracy":0.992517006802721,"parameters/graph_3layer1.0.weight":{"_type":"histogram","values":[1,0,0,1,0,0,0,0,0,1,0,1,0,1,2,0,0,0,3,2,4,5,4,4,8,6,5,7,5,6,6,13,9,14,12,12,14,15,15,20,18,23,11,13,13,10,16,23,18,16,10,14,7,4,3,0,1,1,0,1,0,0,1,1],"bins":[-0.9506543874740601,-0.9272088408470154,-0.9037632942199707,-0.880317747592926,-0.8568722009658813,-0.8334265947341919,-0.8099810481071472,-0.7865355014801025,-0.7630899548530579,-0.7396444082260132,-0.7161988615989685,-0.6927533149719238,-0.6693077087402344,-0.6458622217178345,-0.622416615486145,-0.5989710688591003,-0.5755255222320557,-0.552079975605011,-0.5286344289779663,-0.5051888227462769,-0.48174330592155457,-0.4582977592945099,-0.4348521828651428,-0.41140663623809814,-0.38796108961105347,-0.3645155429840088,-0.3410699963569641,-0.31762444972991943,-0.29417884349823,-0.2707332968711853,-0.24728775024414062,-0.22384220361709595,-0.20039671659469604,-0.17695116996765137,-0.1535056233406067,-0.130060076713562,-0.10661453008651733,-0.08316892385482788,-0.0597233772277832,-0.036277830600738525,-0.012832283973693848,0.01061326265335083,0.03405880928039551,0.05750438570976257,0.08094993233680725,0.10439547896385193,0.127841055393219,0.15128660202026367,0.17473214864730835,0.19817769527435303,0.2216232419013977,0.24506881833076477,0.26851436495780945,0.2919599115848541,0.3154054880142212,0.33885103464126587,0.36229658126831055,0.3857421278953552,0.4091876745223999,0.43263325095176697,0.45607879757881165,0.4795243442058563,0.5029699206352234,0.5264154672622681,0.5498610138893127]},"gradients/graph_3layer1.0.weight":{"bins":[-0.019748704507946968,-0.01923147402703762,-0.018714243546128273,-0.018197013065218925,-0.01767978072166443,-0.01716255024075508,-0.016645319759845734,-0.016128089278936386,-0.015610858798027039,-0.015093628317117691,-0.014576397836208344,-0.014059166423976421,-0.013541935943067074,-0.013024705462157726,-0.012507474049925804,-0.011990243569016457,-0.011473013088107109,-0.010955782607197762,-0.010438552126288414,-0.009921320714056492,-0.009404090233147144,-0.008886859752237797,-0.008369628340005875,-0.007852397859096527,-0.0073351673781871796,-0.006817936897277832,-0.0063007064163684845,-0.005783475004136562,-0.005266244523227215,-0.004749014042317867,-0.004231782630085945,-0.0037145521491765976,-0.003197319805622101,-0.0026800893247127533,-0.0021628588438034058,-0.0016456274315714836,-0.001128396950662136,-0.0006111664697527885,-9.39350575208664e-05,0.00042329542338848114,0.0009405259042978287,0.0014577563852071762,0.0019749868661165237,0.002492218278348446,0.0030094487592577934,0.003526679240167141,0.004043910652399063,0.004561141133308411,0.005078371614217758,0.005595602095127106,0.0061128330416977406,0.006630063988268375,0.007147294469177723,0.0076645249500870705,0.008181756362318993,0.00869898684322834,0.009216217324137688,0.009733447805047035,0.010250678285956383,0.010767909698188305,0.011285140179097652,0.011802370660007,0.012319602072238922,0.01283683255314827,0.013354063034057617],"_type":"histogram","values":[1,0,0,0,0,0,0,0,0,0,0,1,1,1,0,1,2,2,2,0,2,1,1,4,3,3,5,5,8,8,8,12,23,20,27,28,29,40,37,22,18,11,15,10,10,5,7,3,2,2,7,3,2,1,1,1,0,0,3,0,0,0,0,2]},"best_val_accuracy":0.9879241516966067,"parameters/graph_3layer1.0.bias":{"_type":"histogram","values":[1,0,0,0,0,0,1,0,0,0,0,1,0,0,0,0,1,0,0,0,0,0,0,0,0,0,0,0,0,0,0,0,0,0,1,0,0,1,1,0,0,1,0,2,0,0,0,0,0,0,1,0,0,1,0,1,0,0,0,1,0,1,0,1],