{"parameters/graph_1layer1.0.bias":{"_type":"histogram","values":[1,0,1,0,0,0,1,0,0,0,0,0,0,0,0,0,0,0,0,0,0,0,0,0,0,0,0,0,0,0,0,0,0,2,0,0,1,1,0,1,0,2,1,1,0,0,0,0,0,0,0,0,1,0,0,0,0,0,0,1,1,0,0,1],"bins":[-0.15812301635742188,-0.15514065325260162,-0.15215829014778137,-0.14917591214179993,-0.14619354903697968,-0.14321118593215942,-0.14022882282733917,-0.13724644482135773,-0.13426408171653748,-0.13128171861171722,-0.12829935550689697,-0.12531697750091553,-0.12233461439609528,-0.11935225129127502,-0.11636988818645477,-0.11338751763105392,-0.11040514707565308,-0.10742278397083282,-0.10444042086601257,-0.10145805031061172,-0.09847567975521088,-0.09549331665039062,-0.09251095354557037,-0.08952858299016953,-0.08654621988534927,-0.08356384932994843,-0.08058148622512817,-0.07759911566972733,-0.07461675256490707,-0.07163438200950623,-0.06865201890468597,-0.06566964834928513,-0.06268729269504547,-0.05970492586493492,-0.05672255530953407,-0.05374019220471382,-0.05075782164931297,-0.04777545854449272,-0.04479308798909187,-0.04181072488427162,-0.03882835432887077,-0.03584599122405052,-0.03286362066864967,-0.029881257563829422,-0.026898890733718872,-0.023916523903608322,-0.020934157073497772,-0.017951790243387222,-0.014969423413276672,-0.011987056583166122,-0.009004689753055573,-0.006022322922945023,-0.0030399560928344727,-5.758926272392273e-05,0.002924775704741478,0.005907142534852028,0.008889509364962578,0.011871876195073128,0.014854243025183678,0.01783660799264908,0.02081897482275963,0.023801341652870178,0.026783708482980728,0.029766075313091278,0.03274844214320183]},"test_recall":0.9866,"_runtime":301,"gradients/graph_1fc.bias":{"_type":"histogram","values":[1,0,0,0,0,0,0,1,0,0,0,0,0,0,0,0,0,0,1,0,0,2,0,0,0,0,0,1,0,0,0,0,0,1,0,0,0,0,1,0,0,0,0,0,1,0,0,0,0,0,0,0,0,0,0,0,0,0,0,0,0,0,0,1],"bins":[-0.0029307049699127674,-0.0028246245346963406,-0.00271854386664927,-0.002612463431432843,-0.0025063829962164164,-0.002400302328169346,-0.002294221892952919,-0.002188141457736492,-0.0020820607896894217,-0.001975980354472995,-0.0018698998028412461,-0.0017638192512094975,-0.0016577388159930706,-0.001551658264361322,-0.0014455777127295732,-0.0013394972775131464,-0.0012334167258813977,-0.001127336174249649,-0.0010212557390332222,-0.0009151750709861517,-0.0008090946357697248,-0.000703014200553298,-0.0005969335325062275,-0.0004908530972898006,-0.0003847726620733738,-0.0002786919940263033,-0.00017261155880987644,-6.653112359344959e-05,3.954954445362091e-05,0.00014562997967004776,0.0002517104148864746,0.0003577910829335451,0.00046387151814997196,0.0005699519533663988,0.0006760326214134693,0.0007821130566298962,0.000888193491846323,0.0009942741598933935,0.0011003545951098204,0.0012064350303262472,0.0013125156983733177,0.0014185961335897446,0.0015246765688061714,0.001630757236853242,0.0017368376720696688,0.0018429181072860956,0.0019489987753331661,0.002055079210549593,0.00216115964576602,0.0022672403138130903,0.002373320749029517,0.0024794014170765877,0.0025854818522930145,0.0026915622875094414,0.0027976427227258682,0.0029037233907729387,0.0030098038259893656,0.003115884494036436,0.003221964929252863,0.0033280453644692898,0.0034341260325163603,0.003540206467732787,0.003646286902949214,0.0037523675709962845,0.0038584480062127113]},"test_f1":0.9866002557012009,"_step":149940,"val_f1":0.9864286410402809,"train_accuracy":0.9906762705082033,"gradients/graph_1layer1.0.bias":{"bins":[-0.020358538255095482,-0.01953055150806904,-0.018702564761042595,-0.01787457801401615,-0.017046591266989708,-0.016218604519963264,-0.015390617772936821,-0.014562631025910378,-0.013734644278883934,-0.01290665753185749,-0.012078670784831047,-0.011250684037804604,-0.01042269729077816,-0.009594710543751717,-0.008766723796725273,-0.00793873704969883,-0.007110750302672386,-0.006282763555645943,-0.005454776808619499,-0.004626790061593056,-0.0037988033145666122,-0.0029708165675401688,-0.0021428298205137253,-0.0013148430734872818,-0.0004868563264608383,0.00034113042056560516,0.0011691171675920486,0.001997103914618492,0.0028250906616449356,0.003653077408671379,0.004481064155697823,0.005309050902724266,0.00613703578710556,0.006965022534132004,0.007793009281158447,0.00862099602818489,0.009448982775211334,0.010276969522237778,0.011104956269264221,0.011932943016290665,0.012760929763317108,0.013588916510343552,0.014416903257369995,0.015244890004396439,0.016072876751422882,0.016900863498449326,0.01772885024547577,0.018556836992502213,0.019384823739528656,0.0202128104865551,0.021040797233581543,0.021868783980607986,0.02269677072763443,0.023524757474660873,0.024352744221687317,0.02518073096871376,0.026008717715740204,0.026836704462766647,0.02766469120979309,0.028492677956819534,0.029320664703845978,0.03014865145087242,0.030976638197898865,0.03180462494492531,0.03263261169195175],"_type":"histogram","values":[1,0,0,1,0,0,0,1,0,0,0,0,0,0,1,0,0,1,0,2,1,0,0,0,0,0,0,0,0,0,1,1,1,1,0,0,0,1,1,0,0,0,0,0,1,0,0,0,0,0,0,0,0,0,0,0,0,0,0,0,0,0,0,1]},"train_f1":0.9906788834206331,"parameters/graph_1layer1.0.weight":{"bins":[-1.1396597623825073,-1.1133605241775513,-1.0870611667633057,-1.0607619285583496,-1.034462571144104,-1.008163332939148,-0.9818640351295471,-0.9555647373199463,-0.9292654395103455,-0.9029661417007446,-0.8766669034957886,-0.850367546081543,-0.8240683078765869,-0.7977690100669861,-0.7714697122573853,-0.7451704740524292,-0.7188711166381836,-0.6925718784332275,-0.6662725806236267,-0.6399732828140259,-0.613673985004425,-0.5873746871948242,-0.5610753893852234,-0.5347761511802673,-0.5084768533706665,-0.4821775555610657,-0.45587825775146484,-0.429578959941864,-0.4032796621322632,-0.37698042392730713,-0.3506811261177063,-0.32438182830810547,-0.29808253049850464,-0.2717832326889038,-0.24548393487930298,-0.21918463706970215,-0.1928853988647461,-0.16658610105514526,-0.14028680324554443,-0.1139875054359436,-0.08768820762634277,-0.06138890981674194,-0.03508967161178589,-0.008790373802185059,0.01750892400741577,0.0438082218170166,0.07010751962661743,0.09640678763389587,0.1227060854434967,0.14900538325309753,0.17530465126037598,0.2016039490699768,0.22790324687957764,0.2542025148868561,0.2805018126964569,0.30680111050605774,0.3331003785133362,0.359399676322937,0.38569897413253784,0.41199827194213867,0.4382975399494171,0.46459683775901794,0.4908961355686188,0.5171954035758972,0.543494701385498],"_type":"histogram","values":[1,0,0,0,0,0,0,0,0,0,0,0,0,1,0,0,0,0,1,1,0,1,0,5,2,2,6,9,6,6,5,5,10,10,10,10,8,13,19,13,15,25,20,15,18,22,14,11,20,18,18,21,12,12,5,2,2,2,0,2,0,0,0,2]},"_timestamp":1.7671938874502294e+09,"test_precision":0.9867195801193366,"gradients/graph_1layer2.0.bias":{"values":[1,0,0,0,0,0,0,0,0,0,0,0,0,0,0,0,0,0,0,1,0,0,1,1,0,0,1,0,0,0,1,0,0,0,0,1,2,1,0,1,44,1,1,0,1,0,0,0,2,0,1,0,0,0,0,0,1,0,0,0,0,0,1,1],