{"_timestamp":1.76718828064557e+09,"test_f1":0.9913012060505522,"_step":149940,"val_accuracy":0.9898203592814371,"train_f1":0.9943976661948154,"batch_loss":0.002134906593710184,"_runtime":231,"train_precision":0.9944162328572974,"test_precision":0.9913210615492347,"test_accuracy":0.9913,"parameters/graph_4layer1.0.bias":{"_type":"histogram","values":[1,0,1,0,0,1,0,0,0,0,1,0,0,0,0,0,1,0,0,0,0,0,0,0,0,0,0,0,0,0,1,0,1,0,0,2,1,0,0,2,0,0,0,1,0,0,0,0,0,1,0,1,0,0,0,0,0,0,0,0,0,0,0,1],"bins":[-0.15689164400100708,-0.1530686616897583,-0.14924566447734833,-0.14542268216609955,-0.14159968495368958,-0.1377767026424408,-0.13395370543003082,-0.13013072311878204,-0.12630772590637207,-0.12248474359512329,-0.11866175383329391,-0.11483876407146454,-0.11101577430963516,-0.10719278454780579,-0.103369802236557,-0.09954680502414703,-0.09572382271289825,-0.09190083295106888,-0.0880778431892395,-0.08425485342741013,-0.08043186366558075,-0.07660887390375137,-0.072785884141922,-0.06896289438009262,-0.06513990461826324,-0.06131691485643387,-0.05749392509460449,-0.05367094278335571,-0.04984795302152634,-0.04602496325969696,-0.042201973497867584,-0.03837898373603821,-0.03455599397420883,-0.030733004212379456,-0.02691001445055008,-0.023087024688720703,-0.019264034926891327,-0.01544104516506195,-0.011618062853813171,-0.007795073091983795,-0.003972083330154419,-0.00014909356832504272,0.0036738961935043335,0.00749688595533371,0.011319875717163086,0.015142865478992462,0.01896585524082184,0.022788845002651215,0.026611831039190292,0.03043482080101967,0.034257810562849045,0.03808079659938812,0.0419037863612175,0.045726776123046875,0.04954976588487625,0.05337275564670563,0.057195745408535004,0.06101873517036438,0.06484171748161316,0.06866471469402313,0.07248769700527191,0.07631068676710129,0.08013367652893066,0.08395666629076004,0.08777965605258942]},"gradients/graph_4fc.weight":{"_type":"histogram","values":[1,0,1,2,0,1,2,1,1,1,0,4,1,6,4,4,16,11,15,19,31,29,33,32,36,62,95,122,196,387,28405,989,255,134,83,76,42,35,28,29,25,16,26,14,15,12,14,5,11,6,4,0,3,4,4,3,2,1,0,2,0,2,0,2],"bins":[-0.0638393685221672,-0.06177394464612007,-0.05970851704478264,-0.057643093168735504,-0.05557766556739807,-0.05351224169135094,-0.0514468178153038,-0.04938139021396637,-0.047315966337919235,-0.0452505424618721,-0.04318511486053467,-0.041119690984487534,-0.0390542671084404,-0.036988839507102966,-0.03492341563105583,-0.0328579917550087,-0.030792564153671265,-0.02872714027762413,-0.026661712676286697,-0.024596288800239563,-0.02253086119890213,-0.020465437322854996,-0.01840001344680786,-0.01633458584547043,-0.014269161969423294,-0.01220373809337616,-0.010138310492038727,-0.008072886615991592,-0.006007462739944458,-0.003942035138607025,-0.0018766112625598907,0.00018881261348724365,0.0022542476654052734,0.004319675266742706,0.006385099142789841,0.008450523018836975,0.010515950620174408,0.012581374496221542,0.014646798372268677,0.01671222597360611,0.018777649849653244,0.02084307372570038,0.02290850132703781,0.024973925203084946,0.02703934907913208,0.029104776680469513,0.031170200556516647,0.03323562815785408,0.035301052033901215,0.03736647963523865,0.03943190351128578,0.041497327387332916,0.04356275498867035,0.045628178864717484,0.04769360274076462,0.04975903034210205,0.051824454218149185,0.05388987809419632,0.05595530569553375,0.05802072957158089,0.06008615344762802,0.062151581048965454,0.06421700865030289,0.06628242880105972,0.06834785640239716]},"gradients/graph_4layer1.0.bias":{"_type":"histogram","values":[1,0,0,0,0,0,0,0,0,0,0,0,0,0,0,1,0,0,0,0,0,1,0,0,0,0,0,1,0,0,0,0,1,1,1,0,1,2,0,0,1,0,1,0,1,0,0,0,1,0,0,0,0,0,0,1,0,0,0,0,0,0,0,1],"bins":[-0.09268247336149216,-0.08990978449583054,-0.08713709563016891,-0.08436441421508789,-0.08159172534942627,-0.07881903648376465,-0.07604634761810303,-0.0732736587524414,-0.07050096988677979,-0.06772828847169876,-0.06495559960603714,-0.06218291074037552,-0.0594102218747139,-0.056637536734342575,-0.053864847868680954,-0.05109216272830963,-0.04831947386264801,-0.04554678499698639,-0.042774099856615067,-0.040001410990953445,-0.03722872585058212,-0.0344560369849205,-0.03168334811925888,-0.02891065925359726,-0.02613797038793564,-0.023365288972854614,-0.020592600107192993,-0.017819911241531372,-0.015047222375869751,-0.01227453351020813,-0.009501852095127106,-0.006729163229465485,-0.0039564743638038635,-0.0011837854981422424,0.0015889033675193787,0.004361584782600403,0.007134273648262024,0.009906962513923645,0.012679651379585266,0.015452340245246887,0.01822502166032791,0.020997710525989532,0.023770399391651154,0.026543088257312775,0.029315777122974396,0.03208846226334572,0.03486115112900734,0.03763383626937866,0.04040652513504028,0.043179214000701904,0.04595189914107323,0.04872458800673485,0.05149727314710617,0.05426996201276779,0.05704265087842941,0.059815339744091034,0.06258802115917206,0.06536071002483368,0.0681333988904953,0.07090608775615692,0.07367877662181854,0.07645146548748016,0.07922414690256119,0.08199683576822281,0.08476952463388443]},"parameters/graph_4fc.bias":{"bins":[-0.03057206980884075,-0.029448190703988075,-0.02832430973649025,-0.027200430631637573,-0.026076551526784897,-0.02495267242193222,-0.023828793317079544,-0.02270491234958172,-0.021581033244729042,-0.020457154139876366,-0.01933327317237854,-0.018209394067525864,-0.017085514962673187,-0.01596163585782051,-0.014837754890322685,-0.013713875785470009,-0.012589996680617332,-0.011466117575764656,-0.01034223847091198,-0.009218357503414154,-0.008094478398561478,-0.006970599293708801,-0.005846718326210976,-0.004722839221358299,-0.003598960116505623,-0.0024750810116529465,-0.00135120190680027,-0.00022732093930244446,0.0008965600281953812,0.0020204391330480576,0.003144318237900734,0.00426819734275341,0.0053920745849609375,0.006515953689813614,0.00763983279466629,0.008763711899518967,0.009887591004371643,0.011011471971869469,0.012135352939367294,0.01325923204421997,0.014383111149072647,0.015506990253925323,0.016630869358778,0.017754750326275826,0.018878629431128502,0.02000250853598118,0.021126389503479004,0.02225026860833168,0.023374147713184357,0.024498026818037033,0.02562190592288971,0.026745786890387535,0.02786966599524021,0.028993545100092888,0.030117426067590714,0.03124130517244339,0.032365184277296066,0.03348906338214874,0.03461294248700142,0.035736821591854095,0.03686070442199707,0.03798458352684975,0.03910846263170242,0.0402323417365551,0.041356220841407776],"_type":"histogram","values":[2,0,0,0,0,0,0,0,0,0,0,0,0,0,0,0,0,0,1,0,0,1,0,0,0,2,0,0,0,0,1,0,0,0,1,0,0,0,0,0,0,0,0,0,1,0,0,0,0,0,0,0,0,0,0,0,0,0,0,0,0,0,0,1]},"gradients/graph_4fc.bias":{"values":[1,0,0,0,0,0,0,0,0,0,0,0,0,0,0,0,0,0,0,0,1,0,0,0,0,1,0,1,4,0,1,0,0,0,0,0,0,0,0,0,0,0,0,0,0,0,0,0,0,0,0,0,0,0,0,0,0,0,0,0,0,0,0,1],